-- MySQL dump 10.13  Distrib 5.7.27, for Linux (x86_64)
--
-- Host: localhost    Database: pandin
-- ------------------------------------------------------
-- Server version	5.7.27-0ubuntu0.18.04.1

/*!40101 SET @OLD_CHARACTER_SET_CLIENT=@@CHARACTER_SET_CLIENT */;
/*!40101 SET @OLD_CHARACTER_SET_RESULTS=@@CHARACTER_SET_RESULTS */;
/*!40101 SET @OLD_COLLATION_CONNECTION=@@COLLATION_CONNECTION */;
/*!40101 SET NAMES utf8 */;
/*!40103 SET @OLD_TIME_ZONE=@@TIME_ZONE */;
/*!40103 SET TIME_ZONE='+00:00' */;
/*!40014 SET @OLD_UNIQUE_CHECKS=@@UNIQUE_CHECKS, UNIQUE_CHECKS=0 */;
/*!40014 SET @OLD_FOREIGN_KEY_CHECKS=@@FOREIGN_KEY_CHECKS, FOREIGN_KEY_CHECKS=0 */;
/*!40101 SET @OLD_SQL_MODE=@@SQL_MODE, SQL_MODE='NO_AUTO_VALUE_ON_ZERO' */;
/*!40111 SET @OLD_SQL_NOTES=@@SQL_NOTES, SQL_NOTES=0 */;

--
-- Table structure for table `banners`
--

DROP TABLE IF EXISTS `banners`;
/*!40101 SET @saved_cs_client     = @@character_set_client */;
/*!40101 SET character_set_client = utf8 */;
CREATE TABLE `banners` (
  `id` int(11) NOT NULL AUTO_INCREMENT,
  `banner` varchar(255) NOT NULL,
  `lang` varchar(11) NOT NULL,
  PRIMARY KEY (`id`)
) ENGINE=InnoDB AUTO_INCREMENT=12 DEFAULT CHARSET=utf8;
/*!40101 SET character_set_client = @saved_cs_client */;

--
-- Dumping data for table `banners`
--

LOCK TABLES `banners` WRITE;
/*!40000 ALTER TABLE `banners` DISABLE KEYS */;
INSERT INTO `banners` VALUES (1,'banner1.jpg','br'),(2,'banner2.jpg','br'),(3,'banner3.jpg','br'),(5,'banner1_es.webp','es'),(6,'banner2_es.webp','es'),(7,'banner3_es.webp','es'),(9,'banner1_en.webp','us'),(10,'banner2_en.webp','us'),(11,'banner3_en.webp','us');
/*!40000 ALTER TABLE `banners` ENABLE KEYS */;
UNLOCK TABLES;

--
-- Table structure for table `categorias_has_products`
--

DROP TABLE IF EXISTS `categorias_has_products`;
/*!40101 SET @saved_cs_client     = @@character_set_client */;
/*!40101 SET character_set_client = utf8 */;
CREATE TABLE `categorias_has_products` (
  `categorias_id` int(11) NOT NULL,
  `products_id` int(11) NOT NULL,
  PRIMARY KEY (`categorias_id`,`products_id`),
  KEY `fk_categorias_has_products_products1_idx` (`products_id`),
  KEY `fk_categorias_has_products_categorias1_idx` (`categorias_id`),
  CONSTRAINT `fk_categorias_has_products_categorias1` FOREIGN KEY (`categorias_id`) REFERENCES `categories` (`id`) ON DELETE NO ACTION ON UPDATE NO ACTION,
  CONSTRAINT `fk_categorias_has_products_products1` FOREIGN KEY (`products_id`) REFERENCES `products` (`id`) ON DELETE NO ACTION ON UPDATE NO ACTION
) ENGINE=InnoDB DEFAULT CHARSET=latin1;
/*!40101 SET character_set_client = @saved_cs_client */;

--
-- Dumping data for table `categorias_has_products`
--

LOCK TABLES `categorias_has_products` WRITE;
/*!40000 ALTER TABLE `categorias_has_products` DISABLE KEYS */;
INSERT INTO `categorias_has_products` VALUES (1,1),(10,1),(1,2),(10,2),(1,3),(10,3),(1,4),(10,4),(1,5),(10,5),(1,6),(16,6),(3,7),(5,7),(1,8),(5,8),(1,9),(6,9),(1,10),(6,10),(1,11),(6,11),(3,12),(6,12),(3,13),(6,13),(1,14),(6,14),(1,15),(6,15),(1,16),(6,16),(1,17),(6,17),(1,18),(6,18),(1,19),(6,19),(1,20),(6,20),(1,21),(10,21),(1,22),(10,22),(1,23),(10,23),(1,24),(10,24),(1,25),(10,25),(1,26),(10,26),(1,27),(10,27),(1,28),(10,28),(1,29),(10,29),(1,30),(10,30),(1,31),(10,31),(1,32),(4,32),(3,33),(4,33),(3,34),(4,34),(3,35),(4,35),(1,36),(4,36),(1,37),(4,37),(1,38),(4,38),(1,39),(4,39),(1,40),(4,40),(1,41),(4,41),(1,42),(4,42),(1,43),(4,43),(1,44),(4,44),(1,45),(4,45),(1,46),(10,46),(1,47),(10,47),(1,48),(10,48),(3,49),(11,49),(1,50),(10,50),(1,51),(10,51),(3,52),(12,52),(3,53),(12,53),(1,54),(10,54),(1,55),(10,55),(1,56),(10,56),(1,57),(8,57),(1,58),(10,58),(1,59),(10,59),(1,60),(10,60),(1,61),(10,61),(1,62),(10,62),(1,63),(10,63),(1,64),(10,64),(1,65),(10,65),(1,66),(10,66),(3,67),(16,67),(3,68),(16,68),(1,69),(16,69),(1,70),(16,70),(1,71),(16,71),(1,72),(16,72),(1,73),(16,73),(1,74),(16,74),(1,75),(16,75),(3,76),(16,76),(3,77),(16,77),(3,78),(16,78),(2,79),(16,79),(1,80),(16,80),(1,81),(16,81),(1,82),(16,82),(1,83),(16,83),(1,84),(16,84),(1,85),(16,85),(1,86),(16,86),(1,87),(16,87),(1,88),(16,88),(1,89),(16,89),(3,90),(16,90),(3,91),(16,91),(3,92),(16,92),(3,93),(16,93),(3,94),(16,94),(3,95),(16,95),(3,96),(16,96),(1,97),(10,97),(1,98),(10,98),(1,99),(10,99),(1,100),(10,100),(1,101),(9,101),(1,102),(9,102),(1,103),(9,103),(1,104),(10,104),(1,105),(10,105),(1,106),(10,106),(3,107),(7,107),(1,108),(16,108),(1,109),(16,109),(1,110),(14,110),(2,111),(15,111),(2,112),(14,112),(2,113),(14,113),(2,114),(14,114),(1,115),(14,115),(1,116),(14,116),(2,117),(14,117),(1,118),(11,118),(1,119),(11,119),(3,120),(11,120),(3,121),(11,121),(1,122),(11,122),(1,123),(11,123),(1,124),(11,124),(1,125),(11,125),(1,126),(11,126),(3,127),(14,127),(3,128),(14,128),(3,129),(14,129),(3,130),(14,130),(3,131),(14,131),(3,132),(14,132),(3,133),(14,133),(3,134),(14,134),(3,135),(14,135),(3,136),(14,136),(3,137),(14,137),(1,138),(16,138),(1,139),(13,139),(1,140),(13,140),(1,141),(13,141),(1,142),(13,142),(1,143),(13,143);
/*!40000 ALTER TABLE `categorias_has_products` ENABLE KEYS */;
UNLOCK TABLES;

--
-- Table structure for table `categories`
--

DROP TABLE IF EXISTS `categories`;
/*!40101 SET @saved_cs_client     = @@character_set_client */;
/*!40101 SET character_set_client = utf8 */;
CREATE TABLE `categories` (
  `id` int(11) NOT NULL AUTO_INCREMENT,
  `nome` varchar(255) DEFAULT NULL,
  `principal` tinyint(1) DEFAULT NULL,
  `lang` varchar(45) DEFAULT NULL,
  `url` varchar(255) DEFAULT NULL,
  `img` varchar(255) DEFAULT NULL,
  PRIMARY KEY (`id`),
  UNIQUE KEY `url_UNIQUE` (`url`)
) ENGINE=InnoDB AUTO_INCREMENT=40 DEFAULT CHARSET=latin1;
/*!40101 SET character_set_client = @saved_cs_client */;

--
-- Dumping data for table `categories`
--

LOCK TABLES `categories` WRITE;
/*!40000 ALTER TABLE `categories` DISABLE KEYS */;
INSERT INTO `categories` VALUES (1,'Tradicional',1,'es','tradicional','tradicional_es.webp'),(2,'Profesional',1,'es','profesional','profissional_es.webp'),(3,'Premium',1,'es','premium','premium_es.webp'),(4,'Batería de Cocina',0,'es','bateria-de-cocina',NULL),(5,'Big Fritas',0,'es','big-fritas',NULL),(6,'Cacerola',0,'es','cacerola',NULL),(7,'Grill',0,'es','grill',NULL),(8,'Hervidor',0,'es','hervidor',NULL),(9,'Kit Fritas',0,'es','kit-fritas',NULL),(10,'Moldes',0,'es','moldes',NULL),(11,'Olla',0,'es','olla',NULL),(12,'Olla Espaguetera',0,'es','olla-espaguetera',NULL),(13,'Olla para palomitas',0,'es','olla-para-palomitas',NULL),(14,'Olla Presión',0,'es','olla-presion',NULL),(15,'Pallera',0,'es','pallera',NULL),(16,'Sartén',0,'es','sarten',NULL),(17,'Traditional',1,'en','traditional',NULL),(18,'Professional',1,'en','professional',NULL),(19,'Premium',1,'en','premium-1',NULL),(20,'Big Fries',0,'en','big-fries',NULL),(21,'Cake pan',0,'en','cake-pan',NULL),(22,'Clarity',0,'en','clarity',NULL),(23,'Cookware',0,'en','cookware',NULL),(24,'Deep skillet',0,'en','deep-skillet',NULL),(25,'Especial',0,'en','especial',NULL),(26,'Fry Pot',0,'en','fry-pot',NULL),(27,'Grill',0,'en','grill-1',NULL),(28,'Long Life',0,'en','long-life',NULL),(29,'Milk Pan',0,'en','milk-pan',NULL),(30,'Noble',0,'en','noble',NULL),(31,'Omellete',0,'en','omellete',NULL),(32,'Paella Pan',0,'en','paella-pan',NULL),(33,'Pan',0,'en','pan',NULL),(34,'Pancake Pan',0,'en','pancake-pan',NULL),(35,'Pasta Pot',0,'en','pasta-pot',NULL),(36,'Popcorn',0,'en','popcorn',NULL),(37,'Pressure Cooker',0,'en','pressure-cooker',NULL),(38,'Roasting Pan',0,'en','roasting-pan',NULL),(39,'Saucepan',0,'en','saucepan',NULL);
/*!40000 ALTER TABLE `categories` ENABLE KEYS */;
UNLOCK TABLES;

--
-- Table structure for table `products`
--

DROP TABLE IF EXISTS `products`;
/*!40101 SET @saved_cs_client     = @@character_set_client */;
/*!40101 SET character_set_client = utf8 */;
CREATE TABLE `products` (
  `id` int(11) NOT NULL AUTO_INCREMENT,
  `name` varchar(255) DEFAULT NULL,
  `description` text,
  `image` varchar(255) DEFAULT NULL,
  `sku` varchar(45) DEFAULT NULL,
  `url` varchar(255) DEFAULT NULL,
  `material` varchar(45) DEFAULT NULL,
  `vaporizador` text,
  `rev_interno` varchar(45) DEFAULT NULL,
  `rev_externo` varchar(45) DEFAULT NULL,
  `tampa` text,
  `holder` text,
  `pomeis` text,
  `alca` text,
  `agulheto` varchar(45) DEFAULT NULL,
  `lang` varchar(45) DEFAULT NULL,
  `espessura` varchar(255) DEFAULT NULL,
  PRIMARY KEY (`id`),
  UNIQUE KEY `url` (`url`)
) ENGINE=InnoDB AUTO_INCREMENT=144 DEFAULT CHARSET=utf8;
/*!40101 SET character_set_client = @saved_cs_client */;

--
-- Dumping data for table `products`
--

LOCK TABLES `products` WRITE;
/*!40000 ALTER TABLE `products` DISABLE KEYS */;
INSERT INTO `products` VALUES (1,'CÚPULA DE FUSIÓN PARA HAMBURGUESA 16',NULL,'1165.webp','1','cupula-de-fusion-para-hamburguesa-16','Aluminio','0','Pulido','Pulido','0','0','Baquelita','0','0','es','0,9 mm'),(2,'OLLA VAPORERA DE ARROZ 22',NULL,'10.webp','1','olla-vaporera-de-arroz-22','Aluminio','0','Pulido','Pulido','Aluminio','Baquelita','Baquelita','Baquelita','0','es','1 mm'),(3,'CUENCO OPACO',NULL,'13.webp','1','cuenco-opaco','Aluminio','0','Pulido','Pulido','0','0','0','0','0','es','1 mm'),(4,'BANDEJA REDONDA',NULL,'27.webp','1','bandeja-redonda','Aluminio','0','Pulido','Pulido','0','0','0','0','0','es','1,2 mm'),(5,'BANDEJA RECTANGULAR',NULL,'29.webp','1','bandeja-rectangular','Aluminio','0','Pulido','Pulido','0','0','0','0','0','es','0,15 mm'),(6,'OLLA FREIDORA DE PAPAS BIG FRITAS',NULL,'292.webp','1','olla-freidora-de-papas-big-fritas','Aluminio','0','Pulido','Pulido','0','0','Baquelita','Baquelita','0','es','1,7 mm'),(7,'OLLA FREIDORA DE PAPAS BIG FRITAS EIRIFLON',NULL,'1170.webp','1','olla-freidora-de-papas-big-fritas-eiriflon','Aluminio','0','Antiadherente','Negro','0','0','Baquelita','Baquelita','0','es','1,7 mm'),(8,'OLLA FREIDORA DE PAPAS BIG FRITAS RED',NULL,'1160.webp','1','olla-freidora-de-papas-big-fritas-red','Aluminio','0','Antiadherente','Rojo','0','0','Baquelita','Baquelita','0','es','1,7 mm'),(9,'CACEROLA EIRIFLON ESPECIAL',NULL,'297.webp','1','cacerola-eiriflon-especial','Aluminio','1','Antiadherente','Negro','Aluminio','0','Baquelita','Baquelita','0','es','1,1 mm'),(10,'CACEROLA ESPECIAL',NULL,'315.webp','1','cacerola-especial','Aluminio','1','Pulido','Pulido','Aluminio','0','Baquelita','Baquelita','0','es','1,1 mm'),(11,'CACEROLA JAPI',NULL,'188.webp','1','cacerola-japi','Aluminio','0','Pulido','Pulido','0','Baquelita','0','0','0','es','0,9 mm'),(12,'CACEROLA LL CLARITY EIRIFLON',NULL,'463.webp','1','cacerola-ll-clarity-eiriflon','Aluminio','1','Antiadherente','Negro','Vidrio','0','Baquelita','Baquelita','0','es','3 mm'),(13,'CACEROLA L L CLARITY RED',NULL,'755.webp','1','cacerola-l-l-clarity-red','Aluminio','1','Antiadherente','Rojo','0','0','Baquelita','Baquelita','0','es','3 mm'),(14,'CACEROLA LÍNEA HOTEL',NULL,'364.webp','1','cacerola-linea-hotel','Aluminio','0','Helado','Helado','Aluminio','0','Aluminio','Aluminio','0','es','2,2 mm'),(15,'CACEROLA LÍNEA HOTEL ESPECIAL',NULL,'711.webp','1','cacerola-linea-hotel-especial','Aluminio','0','Helado','Helado','Aluminio','0','Aluminio','Aluminio','0','es','1,8 mm'),(16,'CACEROLA LONG LIFE',NULL,'319.webp','1','cacerola-long-life','Aluminio','1','Pulido','Pulido','Aluminio','0','Baquelita','Baquelita','0','es','3 mm'),(17,'CACEROLA LONG LIFE EIRIFLON',NULL,'566.webp','1','cacerola-long-life-eiriflon','Aluminio','1','Antiadherente','Negro','Aluminio','0','Baquelita','Baquelita','0','es','3 mm'),(18,'CACEROLA NOBLE',NULL,'310.webp','1','cacerola-noble','Aluminio','1','Pulido','Pulido','Aluminio','0','Baquelita','Baquelita','0','es','1,9 mm'),(19,'CACEROLA NOBLE EIRIFLON',NULL,'325.webp','1','cacerola-noble-eiriflon','Aluminio','1','Antiadherente','Negro','Aluminio','0','Baquelita','Baquelita','0','es','1,9 mm'),(20,'CACEROLA NOBLE RED',NULL,'679.webp','1','cacerola-noble-red','Aluminio','1','Antiadherente','Rojo','Vidrio','0','Baquelita','Baquelita','0','es','1,9 mm'),(21,'CAFELAR PULIDA',NULL,'99.webp','1','cafelar-pulida','Aluminio','0','Pulido','Pulido','Aluminio','Baquelita','Baquelita','0','0','es','1,1 mm'),(22,'CAFETERA COMPLETA',NULL,'100.webp','1','cafetera-completa','Aluminio','0','Pulido','Pulido','0','Baquelita','Baquelita','0','0','es','1,2 mm'),(23,'CALDERO LÍNEA HOTEL ESPECIAL',NULL,'724.webp','1','caldero-linea-hotel-especial','Aluminio','0','Helado','Helado','0','0','Aluminio','Aluminio','0','es','1,8 mm'),(24,'CALDERO NOBLE',NULL,'60.webp','1','caldero-noble','Aluminio','1','Pulido','Pulido','0','0','Baquelita','Baquelita','0','es','1,7 mm'),(25,'CALDERO NOBLE EIRIFLON',NULL,'238.webp','1','caldero-noble-eiriflon','Aluminio','1','Antiadherente','Negro','0','0','Baquelita','Baquelita','0','es','1,7 mm'),(26,'CALDERO PULIDO',NULL,'91.webp','1','caldero-pulido','Aluminio','0','Pulido','Pulido','0','0','0','Aluminio','0','es','1 mm'),(27,'JARRA CERVEZA ONDEADA',NULL,'108.webp','1','jarra-cerveza-ondeada','Aluminio','0','Pulido','Pulido','0','0','0','Aluminio','0','es','1 mm'),(28,'TETERA PULIDA',NULL,'40.webp','1','tetera-pulida','Aluminio','0','Pulido','Pulido','Aluminio','0','Baquelita','Baquelita','0','es','1,2 mm'),(29,'CUCHARÓN BABY',NULL,'114.webp','1','cucharon-baby','Aluminio','0','0','Helado','0','Aluminio','0','0','0','es','1,2 mm'),(30,'CUCHARÓN LÍNEA HOTEL',NULL,'251.webp','1','cucharon-linea-hotel','Aluminio','0','0','Helado','0','Aluminio','0','0','0','es','1,5 mm'),(31,'CUCHARÓN SUPER FORTE',NULL,'115.webp','1','cucharon-super-forte','Aluminio','0','0','Helado','0','Aluminio','0','0','0','es','1,2 mm'),(32,'BATERÍA DE COCINA ANGELA 7 PIEZAS',NULL,'285.webp','1','bateria-de-cocina-angela-7-piezas','Aluminio','1','Pulido','Pulido','Aluminio','Baquelita','Baquelita','Baquelita','0','es','1,8 mm'),(33,'BATERÍA DE COCINA CLARITY EIRIFLON 4 PIEZAS',NULL,'441.webp','1','bateria-de-cocina-clarity-eiriflon-4-piezas','Aluminio','1','Antiadherente','Negro','Vidrio','Baquelita','Baquelita','Baquelita','0','es','3 mm'),(34,'BATERÍA DE COCINA CLARITY RED 4 PIEZAS',NULL,'438.webp','1','bateria-de-cocina-clarity-red-4-piezas','Aluminio','1','Antiadherente','Rojo','Vidrio','Baquelita','Baquelita','Baquelita','0','es','3 mm'),(35,'BATERÍA DE COCINA CLARITY RED 5 PIEZAS',NULL,'620.webp','1','bateria-de-cocina-clarity-red-5-piezas','Aluminio','1','Antiadherente','Rojo','Vidrio','Baquelita','Baquelita','Baquelita','0','es','3 mm'),(36,'BATERÍA DE COCINA DAKAR EIRIFLON 7 PIEZAS',NULL,'284.webp','1','bateria-de-cocina-dakar-eiriflon-7-piezas','Aluminio','1','Antiadherente','Negro','Aluminio','Baquelita','Baquelita','Baquelita','0','es','1,2 mm'),(37,'BATERÍA DE COCINA FABIANA 5 PC',NULL,'459.webp','1','bateria-de-cocina-fabiana-5-pc','Aluminio','1','Pulido','Pulido','Aluminio','Baquelita','Baquelita','Baquelita','0','es','1,8 mm'),(38,'BATERÍA DE COCINA LONG LIFE 5 PIEZAS',NULL,'612.webp','1','bateria-de-cocina-long-life-5-piezas','Aluminio','1','Pulido','Pulido','Aluminio','Baquelita','Baquelita','Baquelita','0','es','3 mm'),(39,'BATERÍA DE COCINA LONG LIFE 6 PIEZAS',NULL,'443.webp','1','bateria-de-cocina-long-life-6-piezas','Aluminio','1','Pulido','Pulido','Aluminio','Baquelita','Baquelita','Baquelita','0','es','3 mm'),(40,'BATERÍA DE COCINA LONG LIFE EIRIFLON 6 PIEZAS',NULL,'449.webp','1','bateria-de-cocina-long-life-eiriflon-6-piezas','Aluminio','1','Antiadherente','Negro','Aluminio','Baquelita','Baquelita','Baquelita','0','es','3 mm'),(41,'BATERÍA DE COCINA MARIA EDUARDA 5 PIEZAS',NULL,'258.webp','1','bateria-de-cocina-maria-eduarda-5-piezas','Aluminio','1','Pulido','Pulido','Aluminio','Baquelita','Baquelita','Baquelita','0','es','1,2 mm'),(42,'BATERÍA DE COCINA MULTI-USO 3 EN 1',NULL,'255.webp','1','bateria-de-cocina-multi-uso-3-en-1','Aluminio','1','Pulido','Pulido','Aluminio','0','Baquelita','Baquelita','0','es','1,2 mm'),(43,'BATERÍA DE COCINA NEW PRATIC 5 PIEZAS',NULL,'810.webp','1','bateria-de-cocina-new-pratic-5-piezas','Aluminio','1','Pulido','Pulido','Aluminio','0','Baquelita','Baquelita','0','es','1,2 mm'),(44,'BATERÍA DE COCINA NOBLE RED 5 PIEZAS',NULL,'992.webp','1','bateria-de-cocina-noble-red-5-piezas','Aluminio','1','Antiadherente','Rojo','Aluminio','Baquelita','Baquelita','Baquelita','0','es','1,8 mm'),(45,'BATERÍA DE COCINA ABUELA LUZIA EIRIFLON 5 PIEZAS',NULL,'677.webp','1','bateria-de-cocina-abuela-luzia-eiriflon-5-piezas','Aluminio','1','Antiadherente','Negro','Aluminio','Baquelita','Baquelita','Baquelita','0','es','1,2 mm'),(46,'VASO EXTRA PULIDO',NULL,'112.webp','1','vaso-extra-pulido','Aluminio','0','Helado','Pulido','0','0','0','0','0','es','1 mm'),(47,'VASO EXTRA PULIDO CON ALA',NULL,'113.webp','1','vaso-extra-pulido-con-ala','Aluminio','0','Helado','Pulido','0','0','0','Aluminio','0','es','1 mm'),(48,'COPO EXTRA PULIDO INFANTIL',NULL,'111.webp','1','copo-extra-pulido-infantil','Aluminio','0','Helado','Pulido','0','0','0','0','0','es','1 mm'),(49,'OLLA VAPORERA COZI VAPORE',NULL,'1198.webp','1','olla-vaporera-cozi-vapore','Aluminio','1','Antiadherente','Negro','Vidrio','0','Baquelita','Baquelita','0','es','1,2 mm'),(50,'COLADOR PARA PASTA LÍNEA HOTEL',NULL,'417.webp','1','colador-para-pasta-linea-hotel','Aluminio','0','Helado','Helado','Aluminio','0','Aluminio','Aluminio','0','es','1,3 mm'),(51,'COLADOR PARA PASTA',NULL,'118.webp','1','colador-para-pasta','Aluminio','1','Helado','Pulido','Aluminio','0','Baquelita','Baquelita','0','es','1,8 mm'),(52,'OLLA ESPAGUETERA NOBLE EIRIFLON 20',NULL,'348.webp','1','olla-espaguetera-noble-eiriflon-20','Aluminio','1','Antiadherente','Negro','Aluminio','0','Baquelita','Baquelita','0','es','1,7 mm'),(53,'OLLA ESPAGUETERA NOBLE RED',NULL,'353.webp','1','olla-espaguetera-noble-red','Aluminio','0','Antiadherente','Rojo','Aluminio','0','Baquelita','Baquelita','0','es','1,7 mm'),(54,'ESPUMADERA BABY',NULL,'116.webp','1','espumadera-baby','Aluminio','0','Helado','Helado','0','Aluminio','0','0','0','es','1,2 mm'),(55,'ESPUMADERA LÍNEA HOTEL',NULL,'288.webp','1','espumadera-linea-hotel','Aluminio','0','Helado','Helado','0','Aluminio','0','0','0','es','1,5 mm'),(56,'ESPUMADERA SUPER FUERTE',NULL,'117.webp','1','espumadera-super-fuerte','Aluminio','0','Helado','Helado','0','Aluminio','0','0','0','es','1,2 mm'),(57,'HERVIDOR PULIDO',NULL,'119.webp','1','hervidor-pulido','Aluminio','0','Helado','Pulido','Aluminio','Baquelita','Baquelita','0','0','es','1,8 mm'),(58,'FILTRO PARA ACEITE',NULL,'213.webp','1','filtro-para-aceite','Aluminio','0','Helado','Pulido','Aluminio','Baquelita','Baquelita','0','0','es','1,2 mm'),(59,'MOLDE PARA PAN CASERO EIRIFLON',NULL,'462.webp','1','molde-para-pan-casero-eiriflon','Aluminio','0','Antiadherente','Negro','0','0','0','0','0','es','1 mm'),(60,'MOLDE PARA PAN CASERO POLIDA ',NULL,'461.webp','1','molde-para-pan-casero-polida-','Aluminio','0','Helado','Helado','0','0','0','0','0','es','1 mm'),(61,'MOLDE PARA PIZZA CRUJIENTE 35',NULL,'334.webp','1','molde-para-pizza-crujiente-35','Aluminio','0','Helado','Helado','0','0','0','0','0','es','1 mm'),(62,'MOLDE PARA BUDÍN BAÑO MARÍA',NULL,'135.webp','1','molde-para-budin-bano-maria','Aluminio','0','Helado','Pulido','Aluminio','0','Baquelita','Baquelita','0','es','1,2 mm'),(63,'MOLDE PARA BUDÍN EIRIFLON 18 ESPECIAL',NULL,'277.webp','1','molde-para-budin-eiriflon-18-especial','Aluminio','0','Antiadherente','Negro','0','0','0','0','0','es','1 mm'),(64,'MOLDE PARA BUDÍN SIN TAPA',NULL,'391.webp','1','molde-para-budin-sin-tapa','Aluminio','0','Helado','Pulido','0','0','0','0','0','es','1 mm'),(65,'MOLDE PARA BUDÍN TRADICIONAL',NULL,'131.webp','1','molde-para-budin-tradicional','Aluminio','0','Helado','Pulido','0','0','0','0','0','es','1 mm'),(66,'MOLDE PARA PIZZA CRUJIENTE EIRIFLON ',NULL,'1230.webp','1','molde-para-pizza-crujiente-eiriflon-','Aluminio','0','Antiadherente','Negro','0','0','0','0','0','es','1 mm'),(67,'SARTÉN ALTA EIRIFLON CON MANIJA',NULL,'847.webp','1','sarten-alta-eiriflon-con-manija','Aluminio','1','Antiadherente','Negro','Vidrio','0','Baquelita','Baquelita','0','es','3 mm'),(68,'SARTÉN ALTA RED CON MANIJA',NULL,'831.webp','1','sarten-alta-red-con-manija','Aluminio','1','Antiadherente','Rojo','Vidrio','0','Baquelita','Baquelita','0','es','3 mm'),(69,'SARTÉN BLACK WHITE',NULL,'509.webp','1','sarten-black-white','Aluminio','0','Antiadherente','Pulido','0','Baquelita','0','0','0','es','2 mm'),(70,'SARTÉN EIRIFLON SIN TAPA ESPECIAL',NULL,'275.webp','1','sarten-eiriflon-sin-tapa-especial','Aluminio','0','Antiadherente','Negro','0','Baquelita','0','0','0','es','1,2 mm'),(71,'SARTÉN ESPECIAL SIN TAPA',NULL,'123.webp','1','sarten-especial-sin-tapa','Aluminio','0','Helado','Pulido','0','Baquelita','0','0','0','es','1,2 mm'),(72,'FRIGIDEIRA FRANCESA EIRIFLON',NULL,'499.webp','1','frigideira-francesa-eiriflon','Aluminio','0','Antiadherente','Negro','0','Baquelita','0','0','0','es','1,8 mm'),(73,'SARTÉN FRANCESA ESPECIAL AA',NULL,'223.webp','1','sarten-francesa-especial-aa','Aluminio','0','Antiadherente','Negro','0','Baquelita','0','0','0','es','1,2 mm'),(74,'SARTÉN FRANCESA ESPECIAL RED',NULL,'0','1','sarten-francesa-especial-red','Aluminio','0','Antiadherente','Rojo','0','Baquelita','0','0','0','es','1,2 mm'),(75,'SARTÉN FRANCESA RED',NULL,'700.webp','1','sarten-francesa-red','Aluminio','0','Antiadherente','Rojo','0','Baquelita','0','0','0','es','1,8 mm'),(76,'SARTÉN GOURMET RED',NULL,'1169.webp','1','sarten-gourmet-red','Aluminio','0','Antiadherente','Rojo','0','Baquelita','0','0','0','es','1,8 mm'),(77,'SARTÉN L L CLARITY EIRIF CON TAPA',NULL,'219.webp','1','sarten-l-l-clarity-eirif-con-tapa','Aluminio','1','Antiadherente','Negro','Vidrio','Baquelita','Baquelita','0','0','es','3 mm'),(78,'SARTÉN L L CLARITY RED CON TAPA',NULL,'766.webp','1','sarten-l-l-clarity-red-con-tapa','Aluminio','1','Antiadherente','Rojo','Vidrio','Baquelita','Baquelita','0','0','es','3 mm'),(79,'SARTÉN LÍNEA HOTEL',NULL,'546.webp','1','sarten-linea-hotel','Aluminio','0','Helado','Helado','0','Baquelita','0','Alumínio','0','es','2,3 mm'),(80,'SARTÉN LONG LIFE CON TAPA',NULL,'540.webp','1','sarten-long-life-con-tapa','Aluminio','1','Helado','Pulido','Vidrio','Baquelita','Baquelita','0','0','es','3 mm'),(81,'SARTÉN LONG LIFE EIRIFLON CON TAPA',NULL,'579.webp','1','sarten-long-life-eiriflon-con-tapa','Aluminio','1','Antiadherente','Negro','Vidrio','Baquelita','Baquelita','0','0','es','3 mm'),(82,'SARTÉN LONG LIFE EIRIFLON SIN TAPA',NULL,'527.webp','1','sarten-long-life-eiriflon-sin-tapa','Aluminio','0','Antiadherente','Negro','0','Baquelita','0','0','0','es','3 mm'),(83,'SARTÉN LONG LIFE SIN TAPA',NULL,'205.webp','1','sarten-long-life-sin-tapa','Aluminio','0','Helado','Pulido','0','Baquelita','0','0','0','es','3 mm'),(84,'SARTÉN LONG LIFE SIN TAPA',NULL,'389.webp','1','sarten-long-life-sin-tapa-1','Aluminio','0','Helado','Pulido','0','Baquelita','0','0','0','es','3 mm'),(85,'SARTÉN NOBLE CON TAPA',NULL,'880.webp','1','sarten-noble-con-tapa','Aluminio','1','Helado','Pulido','Aluminio','Baquelita','0','0','0','es','1,5 mm'),(86,'SARTÉN NOBLE EIRIFLON CON TAPA',NULL,'1242.webp','1','sarten-noble-eiriflon-con-tapa','Aluminio','1','Antiadherente','Negro','Aluminio','Baquelita','0','0','0','es','1,5 mm'),(87,'SARTÉN NOBLE EIRIFLON SIN TAPA',NULL,'243.webp','1','sarten-noble-eiriflon-sin-tapa','Aluminio','0','Antiadherente','Negro','0','Baquelita','0','0','0','es','1,5 mm'),(88,'SARTÉN NOBLE RED CON TAPA',NULL,'153.webp','1','sarten-noble-red-con-tapa','Aluminio','1','Antiadherente','Rojo','Vidrio','Baquelita','0','0','0','es','1,5 mm'),(89,'SARTÉN NOBLE SIN TAPA',NULL,'67.webp','1','sarten-noble-sin-tapa','Aluminio','0','Helado','Pulido','0','Baquelita','0','0','0','es','1,5 mm'),(90,'SARTÉN PARA HUEVOS',NULL,'674.webp','1','sarten-para-huevos','Aluminio','0','Antiadherente','Negro','0','Baquelita','0','0','0','es','1 mm'),(91,'SARTÉN SQUARE A.A',NULL,'1151.webp','1','sarten-square-a-a','Aluminio','0','Antiadherente','Negro','0','0','0','0','0','es','3 mm'),(92,'SARTÉN SQUARE RED CON MANIJA',NULL,'445.webp','1','sarten-square-red-con-manija','Aluminio','1','Antiadherente','Rojo','Vidrio','Goma','Baquelita','Goma','0','es','3 mm'),(93,'SARTÉN WOK EIRIFLON CON TAPA',NULL,'1153.webp','1','sarten-wok-eiriflon-con-tapa','Aluminio','1','Antiadherente','Negro','Aluminio','0','Baquelita','Baquelita','0','es','3 mm'),(94,'SARTÉN WOK EIRIFLON CON TAPA MANIJA',NULL,'1425.webp','1','sarten-wok-eiriflon-con-tapa-manija','Aluminio','1','Antiadherente','Negro','Aluminio','0','Baquelita','Baquelita','0','es','3 mm'),(95,'SARTÉN WOK EIRIFLON SIN TAPA 28',NULL,'423.webp','1','sarten-wok-eiriflon-sin-tapa-28','Aluminio','0','Antiadherente','Negro','0','0','0','Baquelita','0','es','3 mm'),(96,'SARTÉN WOK RED 28 CON MANIJA',NULL,'0','1','sarten-wok-red-28-con-manija','Aluminio','1','Antiadherente','Rojo','Vidrio','0','Baquelita','Baquelita','0','es','3 mm'),(97,'JARRA PULIDA',NULL,'147.webp','1','jarra-pulida','Aluminio','0','Helado','Pulido','0','Baquelita','0','0','0','es','1,2 mm'),(98,'JUEGO DE ASADERAS RECTANGULAR 02/03/04',NULL,'331.webp','1','juego-de-asaderas-rectangular-02-03-04','Aluminio','0','Helado','Helado','0','0','0','0','0','es','1 mm'),(99,'JUEGO DE ASADERAS RECTANGULAR ALTA 2/3/4',NULL,'659.webp','1','juego-de-asaderas-rectangular-alta-2-3-4','Aluminio','0','Helado','Helado','0','0','0','0','0','es','1 mm'),(100,'JUEGO BOTES PARA ALIMENTOS 5 PIEZAS',NULL,'152.webp','1','juego-botes-para-alimentos-5-piezas','Aluminio','0','Helado','Pulido','Aluminio','0','Baquelita','0','0','es','1 mm'),(101,'KIT PAPAS FRITAS',NULL,'293.webp','1','kit-papas-fritas','Aluminio','0','Helado','Pulido','0','Baquelita','0','0','0','es','1,2 mm'),(102,'KIT PAPAS FRITAS EIRIFLON',NULL,'1158.webp','1','kit-papas-fritas-eiriflon','Aluminio','0','Antiadherente','Negro','0','Baquelita','0','0','0','es','1,2 mm'),(103,'KIT PAPAS FRITAS RED',NULL,'1159.webp','1','kit-papas-fritas-red','Aluminio','0','Antiadherente','Rojo','0','Baquelita','0','0','0','es','1,2 mm'),(104,'GRASERA LÍNEA HOTEL CON MANIJA',NULL,'155.webp','1','grasera-linea-hotel-con-manija','Aluminio','0','Helado','Helado','Aluminio','0','Aluminio','Aluminio','0','es','1,5 mm'),(105,'COLADOR PARA LAVAR ARROZ',NULL,'214.webp','1','colador-para-lavar-arroz','Aluminio','0','Helado','Helado','0','0','0','0','0','es','1 mm'),(106,'LONCHERA ACERO INOXIDABLE 16',NULL,'163.webp','1','lonchera-acero-inoxidable-16','Aluminio','0','Helado','Pulido','Aluminio','0','0','0','0','es','0,9 mm'),(107,'OLLA PARRILLA PARA HORNO MULTI GRILL PLUS 30',NULL,'186.webp','1','olla-parrilla-para-horno-multi-grill-plus-30','Aluminio','0','Helado','Pulido','Aluminio','0','0','Baquelita','0','es','1,2 mm'),(108,'SARTÉN DOBLE PARA OMELETTE O TORTILLAS EIRIFLON',NULL,'539.webp','1','sarten-doble-para-omelette-o-tortillas-eiriflon','Aluminio','0','Antiadherente','Negro','0','Baquelita','0','0','0','es','1 mm'),(109,'SARTÉN DOBLE PARA OMELETTE O TORTILLAS RED',NULL,'280.webp','1','sarten-doble-para-omelette-o-tortillas-red','Aluminio','0','Antiadherente','Rojo','0','Baquelita','0','0','0','es','1 mm'),(110,'OLLA DE PRESIÓN 4,05 EIRIFLON TAPA PULIDA',NULL,'472.webp','1','olla-de-presion-4,05-eiriflon-tapa-pulida','Aluminio','0','Antiadherente','Negro','Aluminio','Baquelita','0','Baquelita','1','es','1,8 mm'),(111,'PAELLERA BLACK WHITE',NULL,'522.webp','1','paellera-black-white','Aluminio','0','Antiadherente','Pulido','0','0','0','Aluminio','0','es','2,2 mm'),(112,'OLLA DE PRESIÓN 10 LITROS PULIDA',NULL,'386.webp','1','olla-de-presion-10-litros-pulida','Aluminio','0','Helado','Pulido','Aluminio','Baquelita','0','Baquelita','1','es','2,7 mm'),(113,'OLLA DE PRESIÓN',NULL,'908.webp','1','olla-de-presion','Aluminio','0','Helado','Pulido','Aluminio','Baquelita','0','Baquelita','1','es','0 mm'),(114,'OLLA DE PRESIÓN EIRIF NEW LINE 4,5',NULL,'399.webp','1','olla-de-presion-eirif-new-line-4,5','Aluminio','0','Antiadherente','Negro','Aluminio','Baquelita','0','Baquelita','1','es','2,3 mm'),(115,'OLLA DE PRESIÓN EIRIFLON',NULL,'382.webp','1','olla-de-presion-eiriflon','Aluminio','0','Antiadherente','Negro','Aluminio','Baquelita','0','Baquelita','1','es','0 mm'),(116,'OLLA DE PRESIÓN POLIDA NEW LINE 4,5',NULL,'398.webp','1','olla-de-presion-polida-new-line-4,5','Aluminio','0','Helado','Pulido','Aluminio','Baquelita','0','Baquelita','1','es','2,3 mm'),(117,'OLLA DE PRESIÓN PROFESIONAL',NULL,'905.webp','1','olla-de-presion-profesional','Aluminio','0','Helado','Pulido','Aluminio','0','0','Baquelita','1','es','4 mm'),(118,'PANELA EIRIFLON ESPECIAL',NULL,'271.webp','1','panela-eiriflon-especial','Aluminio','1','Antiadherente','Negro','Aluminio','Baquelita','Baquelita','0','0','es','1,2 mm'),(119,'OLLA ESPECIAL',NULL,'73.webp','1','olla-especial','Aluminio','1','Helado','Pulido','Aluminio','Baquelita','Baquelita','0','0','es','1,2 mm'),(120,'OLLA L L CLARITY EIRIFLON',NULL,'780.webp','1','olla-l-l-clarity-eiriflon','Aluminio','1','Antiadherente','Negro','Vidrio','Baquelita','Baquelita','0','0','es','3 mm'),(121,'OLLA L L CLARITY RED',NULL,'751.webp','1','olla-l-l-clarity-red','Aluminio','1','Antiadherente','Rojo','Vidrio','Baquelita','Baquelita','0','0','es','3 mm'),(122,'OLLA LONG LIFE',NULL,'200.webp','1','olla-long-life','Aluminio','1','Helado','Pulido','Aluminio','Baquelita','Baquelita','0','0','es','3 mm'),(123,'OLLA LONG LIFE EIRIFLON',NULL,'561.webp','1','olla-long-life-eiriflon','Aluminio','1','Antiadherente','Negro','Aluminio','Baquelita','Baquelita','0','0','es','3 mm'),(124,'OLLA NOBLE',NULL,'47.webp','1','olla-noble','Aluminio','1','Helado','Pulido','Aluminio','Baquelita','Baquelita','0','0','es','1,7 mm'),(125,'OLLA NOBLE EIRIFLON',NULL,'228.webp','1','olla-noble-eiriflon','Aluminio','1','Antiadherente','Negro','Aluminio','Baquelita','Baquelita','0','0','es','1,7 mm'),(126,'OLLA NOBLE RED',NULL,'339.webp','1','olla-noble-red','Aluminio','1','Antiadherente','Rojo','Vidrio','Baquelita','Baquelita','0','0','es','1,7 mm'),(127,'OLLA PRESIÓN EIRIF 7 L TP PULIDA',NULL,'308.webp','1','olla-presion-eirif-7-l-tp-pulida','Aluminio','0','Antiadherente','Negro','Aluminio','Baquelita','0','Baquelita','1','es','2,4 mm'),(128,'OLLA PRESIÓN NEW LINE 10 LITROS PULIDA',NULL,'920.webp','1','olla-presion-new-line-10-litros-pulida','Aluminio','0','Helado','Pulido','Aluminio','Baquelita','0','Baquelita','1','es','3 mm'),(129,'OLLA PRESIÓN NEW LINE 4 LITROS',NULL,'854.webp','1','olla-presion-new-line-4-litros','Aluminio','0','Antiadherente','Negro','Aluminio','Baquelita','0','Baquelita','1','es','3 mm'),(130,'OLLA PRESIÓN NEW LINE 4 LITROS PULIDA',NULL,'853.webp','1','olla-presion-new-line-4-litros-pulida','Aluminio','0','Helado','Pulido','Aluminio','Baquelita','0','Baquelita','1','es','3 mm'),(131,'OLLA PRESIÓN NEW LINE 4 LITROS RED',NULL,'855.webp','1','olla-presion-new-line-4-litros-red','Aluminio','0','Antiadherente','Rojo','Aluminio','Baquelita','0','Baquelita','1','es','3 mm'),(132,'OLLA PRESIÓN NEW LINE 5 LITROS EIRIF',NULL,'921.webp','1','olla-presion-new-line-5-litros-eirif','Aluminio','0','Antiadherente','Negro','Aluminio','Baquelita','0','Baquelita','1','es','3 mm'),(133,'OLLA PRESIÓN NEW LINE 5 LITROS PULIDA',NULL,'918.webp','1','olla-presion-new-line-5-litros-pulida','Aluminio','0','Helado','Pulido','Aluminio','Baquelita','0','Baquelita','1','es','3 mm'),(134,'OLLA PRESIÓN NEW LINE 5 LITROS RED',NULL,'927.webp','1','olla-presion-new-line-5-litros-red','Aluminio','0','Antiadherente','Rojo','Aluminio','Baquelita','0','Baquelita','1','es','3 mm'),(135,'OLLA PRESIÓN NEW LINE EIRI',NULL,'922.webp','1','olla-presion-new-line-eiri','Aluminio','0','Antiadherente','Negro','Aluminio','Baquelita','0','Baquelita','1','es','3 mm'),(136,'OLLA PRESIÓN NEW LINE 7,5 LITROS RED',NULL,'928.webp','1','olla-presion-new-line-7,5-litros-red','Aluminio','0','Antiadherente','Rojo','Aluminio','Baquelita','0','Baquelita','1','es','3 mm'),(137,'OLLA PRESIÓN PROFESIONAL',NULL,'924.webp','1','olla-presion-profesional','Aluminio','0','Helado','Pulido','Aluminio','Baquelita','0','Baquelita','1','es','4 mm'),(138,'SARTÉN PARA PANQUEQUES EIRIFLON',NULL,'433.webp','1','sarten-para-panqueques-eiriflon','Aluminio','0','Antiadherente','Negro','0','Baquelita','0','0','0','es','1,5 mm'),(139,'OLLA PARA PALOMITAS DE MAIZ BABY 18',NULL,'642.webp','1','olla-para-palomitas-de-maiz-baby-18','Aluminio','0','Helado','Pulido','Aluminio','Baquelita','Baquelita','0','0','es','1,3 mm'),(140,'OLLA PARA PALOMITAS DE MAIZEIRIFLON 22',NULL,'0','1','olla-para-palomitas-de-maizeiriflon-22','Aluminio','0','Helado','Pulido','Aluminio','Baquelita','Baquelita','0','0','es','1,3 mm'),(141,'OLLA PARA PALOMITAS DE MAIZ HOTEL',NULL,'1200.webp','1','olla-para-palomitas-de-maiz-hotel','Aluminio','0','Antiadherente','Negro','Aluminio','Baquelita','Baquelita','0','0','es','1,3 mm'),(142,'OLLA PARA PALOMITAS DE MAIZ LUJO 22',NULL,'178.webp','1','olla-para-palomitas-de-maiz-lujo-22','Aluminio','0','Helado','Pulido','Aluminio','Baquelita','Baquelita','Baquelita','0','es','1,5 mm'),(143,'OLLA GRANDE LÍNEA HOTEL',NULL,'300.webp','1','olla-grande-linea-hotel','Aluminio','0','Helado','Pulido','Aluminio','Baquelita','Baquelita','0','0','es','1,2 mm');
/*!40000 ALTER TABLE `products` ENABLE KEYS */;
UNLOCK TABLES;

--
-- Table structure for table `products_photos`
--

DROP TABLE IF EXISTS `products_photos`;
/*!40101 SET @saved_cs_client     = @@character_set_client */;
/*!40101 SET character_set_client = utf8 */;
CREATE TABLE `products_photos` (
  `id` int(11) NOT NULL AUTO_INCREMENT,
  `image` varchar(255) DEFAULT NULL,
  `products_id` int(11) NOT NULL,
  PRIMARY KEY (`id`,`products_id`),
  KEY `fk_products_photos_products_idx` (`products_id`),
  CONSTRAINT `fk_products_photos_products` FOREIGN KEY (`products_id`) REFERENCES `products` (`id`) ON DELETE NO ACTION ON UPDATE NO ACTION
) ENGINE=InnoDB DEFAULT CHARSET=utf8;
/*!40101 SET character_set_client = @saved_cs_client */;

--
-- Dumping data for table `products_photos`
--

LOCK TABLES `products_photos` WRITE;
/*!40000 ALTER TABLE `products_photos` DISABLE KEYS */;
/*!40000 ALTER TABLE `products_photos` ENABLE KEYS */;
UNLOCK TABLES;

--
-- Table structure for table `users`
--

DROP TABLE IF EXISTS `users`;
/*!40101 SET @saved_cs_client     = @@character_set_client */;
/*!40101 SET character_set_client = utf8 */;
CREATE TABLE `users` (
  `id` int(11) NOT NULL AUTO_INCREMENT,
  `name` varchar(255) DEFAULT NULL,
  `email` varchar(255) DEFAULT NULL,
  `password` varchar(255) DEFAULT NULL,
  PRIMARY KEY (`id`)
) ENGINE=InnoDB DEFAULT CHARSET=utf8;
/*!40101 SET character_set_client = @saved_cs_client */;

--
-- Dumping data for table `users`
--

LOCK TABLES `users` WRITE;
/*!40000 ALTER TABLE `users` DISABLE KEYS */;
/*!40000 ALTER TABLE `users` ENABLE KEYS */;
UNLOCK TABLES;

--
-- Table structure for table `variations`
--

DROP TABLE IF EXISTS `variations`;
/*!40101 SET @saved_cs_client     = @@character_set_client */;
/*!40101 SET character_set_client = utf8 */;
CREATE TABLE `variations` (
  `id` int(11) NOT NULL AUTO_INCREMENT,
  `nome` varchar(255) DEFAULT NULL,
  `image` varchar(255) DEFAULT NULL,
  `products_id` int(11) NOT NULL DEFAULT '0',
  `tampa` text,
  `holder` text,
  `pomeis` text,
  `espessura` varchar(45) DEFAULT NULL,
  `alca` text,
  `agulheto` text,
  `sku` varchar(200) DEFAULT NULL,
  `material` varchar(45) DEFAULT NULL,
  `vaporizador` varchar(45) DEFAULT NULL,
  `rev_interno` varchar(45) DEFAULT NULL,
  `rev_externo` varchar(45) DEFAULT NULL,
  `lang` varchar(45) DEFAULT NULL,
  PRIMARY KEY (`id`,`products_id`),
  KEY `fk_variations_products1_idx` (`products_id`),
  CONSTRAINT `fk_variations_products1` FOREIGN KEY (`products_id`) REFERENCES `products` (`id`) ON DELETE NO ACTION ON UPDATE NO ACTION
) ENGINE=InnoDB AUTO_INCREMENT=369 DEFAULT CHARSET=utf8;
/*!40101 SET character_set_client = @saved_cs_client */;

--
-- Dumping data for table `variations`
--

LOCK TABLES `variations` WRITE;
/*!40000 ALTER TABLE `variations` DISABLE KEYS */;
INSERT INTO `variations` VALUES (1,'CÚPULA DE FUSIÓN PARA HAMBURGUESA 16 (4,5 x 16 x 16 - 96gr)','1165.webp',1,'0','0','Baquelita','0,9 mm','0','0','1165','Aluminio','0','Pulido','Pulido','es'),(2,'OLLA VAPORERA DE ARROZ 22 (15 x 22 x 34 - 1,5L - 710gr)','10.webp',2,'Aluminio','Baquelita','Baquelita','1 mm','Baquelita','0','10','Aluminio','0','Pulido','Pulido','es'),(3,'CUENCO OPACO 25- 6 x 25 x 25 - 1,5L - 150gr ','13.webp',3,'0','0','0','1 mm','0','0','13','Aluminio','0','Pulido','Pulido','es'),(4,'CUENCO OPACO 30 - 7 x 30 x 30 - 2,5L - 210gr ','13.webp',3,'0','0','0','1 mm','0','0','14','Aluminio','0','Pulido','Pulido','es'),(5,'CUENCO OPACO 35 - 8 x 35 x 35 - 5L - 340gr ','13.webp',3,'0','0','0','1 mm','0','0','15','Aluminio','0','Pulido','Pulido','es'),(6,'CUENCO OPACO 40 - 9,5 x 40 x 40 - 7L - 430gr ','13.webp',3,'0','0','0','1 mm','0','0','16','Aluminio','0','Pulido','Pulido','es'),(7,'CUENCO OPACO 45 - 11 x 45 x 45 - 10L - 555gr ','13.webp',3,'0','0','0','1 mm','0','0','17','Aluminio','0','Pulido','Pulido','es'),(8,'CUENCO OPACO 50 - 12,5 x 50 x 50 - 12,5L - 700gr ','13.webp',3,'0','0','0','1 mm','0','0','18','Aluminio','0','Pulido','Pulido','es'),(9,'CUENCO OPACO 55 - 13 x 55 x 55 - 16L - 810gr ','13.webp',3,'0','0','0','1 mm','0','0','19','Aluminio','0','Pulido','Pulido','es'),(10,'CUENCO OPACO 60 -13,5 x 60 x 60 - 21L - 980gr ','13.webp',3,'0','0','0','1 mm','0','0','20','Aluminio','0','Pulido','Pulido','es'),(11,'CUENCO OPACO 65 - 14 x 65 x 65 - 24L - 1,070k ','13.webp',3,'0','0','0','1 mm','0','0','21','Aluminio','0','Pulido','Pulido','es'),(12,'CUENCO OPACO 70 -16 x 70 x 70 - 33gr','13.webp',3,'0','0','0','1 mm','0','0','448','Aluminio','0','Pulido','Pulido','es'),(13,'BANDEJA REDONDA 35 - 2,5 x 35 x 35 - 0,2L - 385gr','27.webp',4,'0','0','0','1,2 mm','0','0','27','Aluminio','0','Pulido','Pulido','es'),(14,'BANDEJA REDONDA 40 - 2,5 x 40 x 40 - 0,2L - 460gr','27.webp',4,'0','0','0','1,2 mm','0','0','28','Aluminio','0','Pulido','Pulido','es'),(15,'BANDEJA RECTANGULAR 03 - 1 x 27 x 40 - 0,1L - 375gr','29.webp',5,'0','0','0','0,15 mm','0','0','29','Aluminio','0','Pulido','Pulido','es'),(16,'BANDEJA RECTANGULAR 04 - 1,5 x 31 x 44 - 0,1L - 525gr','29.webp',5,'0','0','0','0,15 mm','0','0','30','Aluminio','0','Pulido','Pulido','es'),(17,'BANDEJA RECTANGULAR 05 - 1,5 x 35 x 48 - 0,15 - 745gr','29.webp',5,'0','0','0','0,15 mm','0','0','557','Aluminio','0','Pulido','Pulido','es'),(18,'OLLA FREIDORA DE PAPAS BIG FRITAS 15,5 x 20,3 x 33 - 4,5L - 1,000K','292.webp',6,'0','0','Baquelita','1,7 mm','Baquelita','0','292','Aluminio','0','Pulido','Pulido','es'),(19,'OLLA FREIDORA DE PAPAS BIG FRITAS EIRIFLON 15,5 x 20 x 33 - 4,5L – 1,000k','1170.webp',7,'0','0','Baquelita','1,7 mm','Baquelita','0','1170','Aluminio','0','Antiadherente','Negro','es'),(20,'OLLA FREIDORA DE PAPAS BIG FRITAS RED 15,5 x 20 x 33 - 4,5 - 1,000k','1160.webp',8,'0','0','Baquelita','1,7 mm','Baquelita','0','1160','Aluminio','0','Antiadherente','Rojo','es'),(21,'CACEROLA EIRIFLON ESPECIAL 16 - 7 X 16 X 27 - 1,5L - 285gr','297.webp',9,'Aluminio','0','Baquelita','1,1 mm','Baquelita','0','297','Aluminio','1','Antiadherente','Negro','es'),(22,'CACEROLA EIRIFLON ESPECIAL 18 - 7,5 X 18 X 29 - 2L - 325gr','297.webp',9,'Aluminio','0','Baquelita','1,1 mm','Baquelita','0','298','Aluminio','1','Antiadherente','Negro','es'),(23,'CACEROLA EIRIFLON ESPECIAL 20 - 8 x 20 x 33 - 2,7l - 390gr','297.webp',9,'Aluminio','0','Baquelita','1,1 mm','Baquelita','0','299','Aluminio','1','Antiadherente','Negro','es'),(24,'CACEROLA EIRIFLON ESPECIAL 22 - 9 x 22 x 35- 3L - 460gr','297.webp',9,'Aluminio','0','Baquelita','1,1 mm','Baquelita','0','605','Aluminio','1','Antiadherente','Negro','es'),(25,'CACEROLA EIRIFLON ESPECIAL 24 - 10 x 24 x 37 - 3,5L - 515gr','297.webp',9,'Aluminio','0','Baquelita','1,1 mm','Baquelita','0','606','Aluminio','1','Antiadherente','Negro','es'),(26,'CACEROLA EIRIFLON ESPECIAL 26 - 11 x 37 x 39 - 4L - 670gr','297.webp',9,'Aluminio','0','Baquelita','1,1 mm','Baquelita','0','613','Aluminio','1','Antiadherente','Negro','es'),(27,'CACEROLA ESPECIAL 16 - 7 x 17 x 1,5l - 395gr','315.webp',10,'Aluminio','0','Baquelita','1,1 mm','Baquelita','0','315','Aluminio','1','Pulido','Pulido','es'),(28,'CACEROLA ESPECIAL 18 - 7,5 x 19 x 29 - 2l - 380gr','315.webp',10,'Aluminio','0','Baquelita','1,1 mm','Baquelita','0','316','Aluminio','1','Pulido','Pulido','es'),(29,'CACEROLA ESPECIAL 20 - 8 x 21 x 31 - 2,7l - 445gr','315.webp',10,'Aluminio','0','Baquelita','1,1 mm','Baquelita','0','317','Aluminio','1','Pulido','Pulido','es'),(30,'CACEROLA ESPECIAL 22 - 9 x 22 x 33 - 3,4l - 550gr','315.webp',10,'Aluminio','0','Baquelita','1,1 mm','Baquelita','0','318','Aluminio','1','Pulido','Pulido','es'),(31,'CACEROLA ESPECIAL 24 - 10,5 x 24 x 37 - 4,7l - 670gr','315.webp',10,'Aluminio','0','Baquelita','1,1 mm','Baquelita','0','77','Aluminio','1','Pulido','Pulido','es'),(32,'CACEROLA ESPECIAL 26 - 11 x 26 x 39 - 5,6l - 735gr','315.webp',10,'Aluminio','0','Baquelita','1,1 mm','Baquelita','0','78','Aluminio','1','Pulido','Pulido','es'),(33,'CACEROLA ESPECIAL 28 - 13 x 28 x 41 - 6,8l - 870gr','315.webp',10,'Aluminio','0','Baquelita','1,1 mm','Baquelita','0','79','Aluminio','1','Pulido','Pulido','es'),(34,'CACEROLA ESPECIAL 30 - 13,5 x 30 x 43 - 9l - 915gr','315.webp',10,'Aluminio','0','Baquelita','1,1 mm','Baquelita','0','80','Aluminio','1','Pulido','Pulido','es'),(35,'CACEROLA JAPI 14 - 6,5 x 15 x 26 - 0,9l - 145gr','188.webp',11,'0','Baquelita','0','0,9 mm','0','0','188','Aluminio','0','Pulido','Pulido','es'),(36,'CACEROLA JAPI 16 - 7 x 16 x 28 - 1,2l - 160gr','188.webp',11,'0','Baquelita','0','0,9 mm','0','0','86','Aluminio','0','Pulido','Pulido','es'),(37,'CACEROLA JAPI 18 - 7,5 x 18 x 33 - 1,6l - 190gr','188.webp',11,'0','Baquelita','0','0,9 mm','0','0','87','Aluminio','0','Pulido','Pulido','es'),(38,'CACEROLA JAPI 20 - 8,5 x 20 x 35 - 2,5l - 250gr','188.webp',11,'0','Baquelita','0','0,9 mm','0','0','88','Aluminio','0','Pulido','Pulido','es'),(39,'CACEROLA LL CLARITY EIRIFLON 18 - 9 x 18 x 32 - 2l - 982gr','463.webp',12,'Vidrio','0','Baquelita','3 mm','Baquelita','0','463','Aluminio','1','Antiadherente','Negro','es'),(40,'CACEROLA LL CLARITY EIRIFLON 20 - 10 x 20 x 34 - 2,7l – 1,135k','463.webp',12,'Vidrio','0','Baquelita','3 mm','Baquelita','0','464','Aluminio','1','Antiadherente','Negro','es'),(41,'CACEROLA LL CLARITY EIRIFLON 22 - 11 x 22 x 36 - 3,7l - 1420k','463.webp',12,'Vidrio','0','Baquelita','3 mm','Baquelita','0','474','Aluminio','1','Antiadherente','Negro','es'),(42,'CACEROLA LL CLARITY EIRIFLON 24 - 12 x 21 x 28 - 5l - 1646k','463.webp',12,'Vidrio','0','Baquelita','3 mm','Baquelita','0','662','Aluminio','1','Antiadherente','Negro','es'),(43,'CACEROLA L L CLARITY RED 18 - 9 x 18 x 32 - 2l - 994gr','755.webp',13,'0','0','Baquelita','3 mm','Baquelita','0','755','Aluminio','1','Antiadherente','Rojo','es'),(44,'CACEROLA L L CLARITY RED 20 - 10 x 20 x 34 - 2,7l - 1,118gr','755.webp',13,'0','0','Baquelita','3 mm','Baquelita','0','756','Aluminio','1','Antiadherente','Rojo','es'),(45,'CACEROLA L L CLARITY RED 22 - 11 x 22 x 36 - 3,7l - 1.420gr','755.webp',13,'0','0','Baquelita','3 mm','Baquelita','0','757','Aluminio','1','Antiadherente','Rojo','es'),(46,'CACEROLA L L CLARITY RED 24 - 12 x 24 x 38 - 5l - 1,664gr','755.webp',13,'0','0','Baquelita','3 mm','Baquelita','0','758','Aluminio','1','Antiadherente','Rojo','es'),(47,'CACEROLA LÍNEA HOTEL 30 - 12 x 30 x 30 - 8l- 1,320gr','364.webp',14,'Aluminio','0','Aluminio','2,2 mm','Aluminio','0','364','Aluminio','0','Helado','Helado','es'),(48,'CACEROLA LÍNEA HOTEL 32 - 15 x 32 x 44 - 12l - 1,650gr','364.webp',14,'Aluminio','0','Aluminio','2,2 mm','Aluminio','0','640','Aluminio','0','Helado','Helado','es'),(49,'CACEROLA LÍNEA HOTEL 34 - 15,5 x 34 x 46 - 14l - 1,745gr','364.webp',14,'Aluminio','0','Aluminio','2,2 mm','Aluminio','0','641','Aluminio','0','Helado','Helado','es'),(50,'CACEROLA LÍNEA HOTEL 36 - 16,5 x 36 x 48 - 16 - 1,975gr','364.webp',14,'Aluminio','0','Aluminio','2,2 mm','Aluminio','0','56','Aluminio','0','Helado','Helado','es'),(51,'CACEROLA LÍNEA HOTEL 38 - 18 x 38 x 50 - 18l - 2,170gr','364.webp',14,'Aluminio','0','Aluminio','2,2 mm','Aluminio','0','642','Aluminio','0','Helado','Helado','es'),(52,'CACEROLA LÍNEA HOTEL 40 - 19 x 40 x 53 - 20l - 2,395grr','364.webp',14,'Aluminio','0','Aluminio','2,2 mm','Aluminio','0','57','Aluminio','0','Helado','Helado','es'),(53,'CACEROLA LÍNEA HOTEL 45 - 20 x 45 x 58 - 30l - 2,865gr','364.webp',14,'Aluminio','0','Aluminio','2,2 mm','Aluminio','0','58','Aluminio','0','Helado','Helado','es'),(54,'CACEROLA LÍNEA HOTEL 50 - 21 x 49 x 66 - 40l - 4 135gr','364.webp',14,'Aluminio','0','Aluminio','2,2 mm','Aluminio','0','362','Aluminio','0','Helado','Helado','es'),(55,'CACEROLA LÍNEA HOTEL 60 - 25 x 60 x 60 - 60l - 5,790gr','364.webp',14,'Aluminio','0','Aluminio','2,2 mm','Aluminio','0','644','Aluminio','0','Helado','Helado','es'),(56,'CACEROLA LÍNEA HOTEL ESPECIAL 24 - 11 x 24 x 33 - 4,7l - 480gr','711.webp',15,'Aluminio','0','Aluminio','1,8 mm','Aluminio','0','711','Aluminio','0','Helado','Helado','es'),(57,'CACEROLA LÍNEA HOTEL ESPECIAL 26 - 12 x 26 x 36 - 6l - 560gr','711.webp',15,'Aluminio','0','Aluminio','1,8 mm','Aluminio','0','712','Aluminio','0','Helado','Helado','es'),(58,'CACEROLA LÍNEA HOTEL ESPECIAL 28 - 12 x 28 x 38 - 7,7l - 735gr','711.webp',15,'Aluminio','0','Aluminio','1,8 mm','Aluminio','0','713','Aluminio','0','Helado','Helado','es'),(59,'CACEROLA LÍNEA HOTEL ESPECIAL 30 - 12 x 30 x 40 - 8l - 704gr','711.webp',15,'Aluminio','0','Aluminio','1,8 mm','Aluminio','0','714','Aluminio','0','Helado','Helado','es'),(60,'CACEROLA LÍNEA HOTEL ESPECIAL 32 - 14 x 32 x 44 - 12l - 1,142k','711.webp',15,'Aluminio','0','Aluminio','1,8 mm','Aluminio','0','715','Aluminio','0','Helado','Helado','es'),(61,'CACEROLA LÍNEA HOTEL ESPECIAL 34 - 15,5 x 34 x 46 - 14l - 1,156k','711.webp',15,'Aluminio','0','Aluminio','1,8 mm','Aluminio','0','716','Aluminio','0','Helado','Helado','es'),(62,'CACEROLA LÍNEA HOTEL ESPECIAL 36 - 16 x 36 x 48 - 16l - 1,334k','711.webp',15,'Aluminio','0','Aluminio','1,8 mm','Aluminio','0','717','Aluminio','0','Helado','Helado','es'),(63,'CACEROLA LÍNEA HOTEL ESPECIAL 38 - 16 x 38 x 50 x 18l - 1,380k','711.webp',15,'Aluminio','0','Aluminio','1,8 mm','Aluminio','0','718','Aluminio','0','Helado','Helado','es'),(64,'CACEROLA LÍNEA HOTEL ESPECIAL 40 - 19 x 40 x 52 - 20l - 1462k','711.webp',15,'Aluminio','0','Aluminio','1,8 mm','Aluminio','0','719','Aluminio','0','Helado','Helado','es'),(65,'CACEROLA LÍNEA HOTEL ESPECIAL 45 - 19 x 45 x 58 x 30l - 2,00k','711.webp',15,'Aluminio','0','Aluminio','1,8 mm','Aluminio','0','720','Aluminio','0','Helado','Helado','es'),(66,'CACEROLA LÍNEA HOTEL ESPECIAL 50 - 21 x 49 x 66 x 40l - 2,326k','711.webp',15,'Aluminio','0','Aluminio','1,8 mm','Aluminio','0','721','Aluminio','0','Helado','Helado','es'),(67,'CACEROLA LÍNEA HOTEL ESPECIAL 60 - 25 x 60 x 60 x 60l - 3,156k','711.webp',15,'Aluminio','0','Aluminio','1,8 mm','Aluminio','0','738','Aluminio','0','Helado','Helado','es'),(68,'CACEROLA LONG LIFE 16 - 8 x 16 x 30 - 1,4l - 700gr','319.webp',16,'Aluminio','0','Baquelita','3 mm','Baquelita','0','319','Aluminio','1','Pulido','Pulido','es'),(69,'CACEROLA LONG LIFE 18 - 9 x 18 x 32 - 2l - 816gr','319.webp',16,'Aluminio','0','Baquelita','3 mm','Baquelita','0','320','Aluminio','1','Pulido','Pulido','es'),(70,'CACEROLA LONG LIFE20 - 10 x 20 x 34 - 2,7l - 994gr','319.webp',16,'Aluminio','0','Baquelita','3 mm','Baquelita','0','321','Aluminio','1','Pulido','Pulido','es'),(71,'CACEROLA LONG LIFE 22 - 11 x 22 x 36 x 3,7l - 1,132k','319.webp',16,'Aluminio','0','Baquelita','3 mm','Baquelita','0','322','Aluminio','1','Pulido','Pulido','es'),(72,'CACEROLA LONG LIFE 24 - 12 x 24 x 37 - 5l - 1,330k','319.webp',16,'Aluminio','0','Baquelita','3 mm','Baquelita','0','323','Aluminio','1','Pulido','Pulido','es'),(73,'CACEROLA LONG LIFE 26 13 x 26 x 41 - 6,4l - 1,546k','319.webp',16,'Aluminio','0','Baquelita','3 mm','Baquelita','0','209','Aluminio','1','Pulido','Pulido','es'),(74,' CACEROLA LONG LIFE 28 - 13 x 28 x 43 - 7,5l - 1,680k','319.webp',16,'Aluminio','0','Baquelita','3 mm','Baquelita','0','592','Aluminio','1','Pulido','Pulido','es'),(75,'CACEROLA LONG LIFE 30- 14 x 30 x 45 - 9,3l - 1,838k','319.webp',16,'Aluminio','0','Baquelita','3 mm','Baquelita','0','593','Aluminio','1','Pulido','Pulido','es'),(76,'CACEROLA LONG LIFE EIRIFLON 16 - 8 x 16 x 30 - 1,4l - 700g','566.webp',17,'Aluminio','0','Baquelita','3 mm','Baquelita','0','556','Aluminio','1','Antiadherente','Negro','es'),(77,'CACEROLA LONG LIFE EIRIFLON 18 -  9 x 18 x 32 - 2l – 816gr','566.webp',17,'Aluminio','0','Baquelita','3 mm','Baquelita','0','567','Aluminio','1','Antiadherente','Negro','es'),(78,'CACEROLA LONG LIFE EIRIFLON 20 - 10 x 20 x 34 - 2,7l - 994gr','566.webp',17,'Aluminio','0','Baquelita','3 mm','Baquelita','0','568','Aluminio','1','Antiadherente','Negro','es'),(79,'CACEROLA LONG LIFE EIRIFLON 22 - 11 x 22 x 36 x 3,7l - 1,132k','566.webp',17,'Aluminio','0','Baquelita','3 mm','Baquelita','0','569','Aluminio','1','Antiadherente','Negro','es'),(80,'CACEROLA LONG LIFE EIRIFLON 24 - 12 x 24 x 37 - 5l - 1,330k','566.webp',17,'Aluminio','0','Baquelita','3 mm','Baquelita','0','570','Aluminio','1','Antiadherente','Negro','es'),(81,'CACEROLA LONG LIFE EIRIFLON 26 - 13 x 26 x 41 - 6,4l - 1,546k','566.webp',17,'Aluminio','0','Baquelita','3 mm','Baquelita','0','571','Aluminio','1','Antiadherente','Negro','es'),(82,'CACEROLA LONG LIFE EIRIFLON 28 - 13 x 28 x 43 - 7,5l - 1,680k','566.webp',17,'Aluminio','0','Baquelita','3 mm','Baquelita','0','590','Aluminio','1','Antiadherente','Negro','es'),(83,'CACEROLA LONG LIFE EIRIFLON 30 - 14 x 30 x 45 - 9,3l - 1,838k','566.webp',17,'Aluminio','0','Baquelita','3 mm','Baquelita','0','591','Aluminio','1','Antiadherente','Negro','es'),(84,'CACEROLA NOBLE 16 - 8 x 16 x 28 - 1,5l - 565gr','310.webp',18,'Aluminio','0','Baquelita','1,9 mm','Baquelita','0','310','Aluminio','1','Pulido','Pulido','es'),(85,'CACEROLA NOBLE 18 - 8,5 x 18 x 30 - 2l - 650gr','310.webp',18,'Aluminio','0','Baquelita','1,9 mm','Baquelita','0','311','Aluminio','1','Pulido','Pulido','es'),(86,'CACEROLA NOBLE 20 - 9 x 20 x 32 - 2,7l - 755gr','310.webp',18,'Aluminio','0','Baquelita','1,9 mm','Baquelita','0','312','Aluminio','1','Pulido','Pulido','es'),(87,'CACEROLA NOBLE 22 - 10 x 22 x 3,6l - 885gr','310.webp',18,'Aluminio','0','Baquelita','1,9 mm','Baquelita','0','313','Aluminio','1','Pulido','Pulido','es'),(88,'CACEROLA NOBLE 24 - 11 x 24 x 38 - 4,6l - 970gr','310.webp',18,'Aluminio','0','Baquelita','1,9 mm','Baquelita','0','52','Aluminio','1','Pulido','Pulido','es'),(89,'CACEROLA NOBLE 26 - 11,5 x 26 x 40 - 5,7l - 1,210k','310.webp',18,'Aluminio','0','Baquelita','1,9 mm','Baquelita','0','53','Aluminio','1','Pulido','Pulido','es'),(90,'CACEROLA NOBLE 28 - 12,5 x 28 x 42 - 6,9l - 1,340k','310.webp',18,'Aluminio','0','Baquelita','1,9 mm','Baquelita','0','54','Aluminio','1','Pulido','Pulido','es'),(91,'CACEROLA NOBLE 30 - 13,5 x 30 x 44- 7,8l - 1,585k','310.webp',18,'Aluminio','0','Baquelita','1,9 mm','Baquelita','0','55','Aluminio','1','Pulido','Pulido','es'),(92,'CACEROLA NOBLE EIRIFLON 16 - 8 x 16 x 28 - 1,5l - 565gr','325.webp',19,'Aluminio','0','Baquelita','1,9 mm','Baquelita','0','325','Aluminio','1','Antiadherente','Negro','es'),(93,'CACEROLA NOBLE EIRIFLON 18 - 8,5 x 18 x 30 - 2l - 650gr','325.webp',19,'Aluminio','0','Baquelita','1,9 mm','Baquelita','0','326','Aluminio','1','Antiadherente','Negro','es'),(94,'CACEROLA NOBLE EIRIFLON 20 - 9 x 20 x 32 - 2,7l - 755gr','325.webp',19,'Aluminio','0','Baquelita','1,9 mm','Baquelita','0','327','Aluminio','1','Antiadherente','Negro','es'),(95,'CACEROLA NOBLE EIRIFLON 22- 10 x 22 x 3,6l - 885gr','325.webp',19,'Aluminio','0','Baquelita','1,9 mm','Baquelita','0','328','Aluminio','1','Antiadherente','Negro','es'),(96,'CACEROLA NOBLE EIRIFLON 24- 11 x 24 x 38 - 4,6l - 970gr','325.webp',19,'Aluminio','0','Baquelita','1,9 mm','Baquelita','0','329','Aluminio','1','Antiadherente','Negro','es'),(97,'CACEROLA NOBLE EIRIFLON 26 - 11,5 x 26 x 40 - 5,7l - 1,210k','325.webp',19,'Aluminio','0','Baquelita','1,9 mm','Baquelita','0','233','Aluminio','1','Antiadherente','Negro','es'),(98,'CACEROLA NOBLE EIRIFLON 28-12,5 x 28 x 42 - 6,9l - 1,340k','325.webp',19,'Aluminio','0','Baquelita','1,9 mm','Baquelita','0','210','Aluminio','1','Antiadherente','Negro','es'),(99,'CACEROLA NOBLE RED 18 - 10 x 18 x 30 - 2l - 515gr','679.webp',20,'Vidrio','0','Baquelita','1,9 mm','Baquelita','0','679','Aluminio','1','Antiadherente','Rojo','es'),(100,'CACEROLA NOBLE RED 20 - 11 x 20 x 34 - 3l - 650gr','679.webp',20,'Vidrio','0','Baquelita','1,9 mm','Baquelita','0','680','Aluminio','1','Antiadherente','Rojo','es'),(101,'CACEROLA NOBLE RED 24 - 13,3 x 24 x 38 - 5,5l - 755gr','679.webp',20,'Vidrio','0','Baquelita','1,9 mm','Baquelita','0','682','Aluminio','1','Antiadherente','Rojo','es'),(102,'CACEROLA NOBLE RED 22 - 12 x 22 x 36 - 4 - 735gr','679.webp',20,'Vidrio','0','Baquelita','1,9 mm','Baquelita','0','681','Aluminio','1','Antiadherente','Rojo','es'),(103,'CAFELAR PULIDA - 24 x 13,5 x 19 - 1,5l - 410gr','99.webp',21,'Aluminio','Baquelita','Baquelita','1,1 mm','0','0','99','Aluminio','0','Pulido','Pulido','es'),(104,'CAFETERA COMPLETA - 20 x 11 x 23 - 1,6l - 305gr','100.webp',22,'0','Baquelita','Baquelita','1,2 mm','0','0','100','Aluminio','0','Pulido','Pulido','es'),(105,'CALDERO LÍNEA HOTEL ESPECIAL 24 - 23 x 24 x 33 - 10l - 720gr','724.webp',23,'0','0','Aluminio','1,8 mm','Aluminio','0','724','Aluminio','0','Helado','Helado','es'),(106,'CALDERO LÍNEA HOTEL ESPECIAL 26 - 24 x 26 x 35 - 12l - 870gr','724.webp',23,'0','0','Aluminio','1,8 mm','Aluminio','0','725','Aluminio','0','Helado','Helado','es'),(107,'CALDERO LÍNEA HOTEL ESPECIAL 28 - 24 x 28 x37 - 15l - 955gr','724.webp',23,'0','0','Aluminio','1,8 mm','Aluminio','0','726','Aluminio','0','Helado','Helado','es'),(108,'CALDERO LÍNEA HOTEL ESPECIAL 30 - 26 x 30 x 41 - 18l - 1350k','724.webp',23,'0','0','Aluminio','1,8 mm','Aluminio','0','727','Aluminio','0','Helado','Helado','es'),(109,'CALDERO LÍNEA HOTEL ESPECIAL 32 - 27 x 32 x 44 - 21l -1,760k','724.webp',23,'0','0','Aluminio','1,8 mm','Aluminio','0','728','Aluminio','0','Helado','Helado','es'),(110,'CALDERO LÍNEA HOTEL ESPECIAL 34- 29 x 33 x 45 - 25l - 1448gk','724.webp',23,'0','0','Aluminio','1,8 mm','Aluminio','0','729','Aluminio','0','Helado','Helado','es'),(111,'CALDERO LÍNEA HOTEL ESPECIAL 36 - 32 x 36 x 48 - 30 - 1748gk','724.webp',23,'0','0','Aluminio','1,8 mm','Aluminio','0','730','Aluminio','0','Helado','Helado','es'),(112,'CALDERO LÍNEA HOTEL ESPECIAL 38 - 33 - 35 x 37 x 35l - 1,900gk','724.webp',23,'0','0','Aluminio','1,8 mm','Aluminio','0','731','Aluminio','0','Helado','Helado','es'),(113,'CALDERO LÍNEA HOTEL ESPECIAL 40- 35,5 x 38 x 51 - 42l - 2,226k','724.webp',23,'0','0','Aluminio','1,8 mm','Aluminio','0','732','Aluminio','0','Helado','Helado','es'),(114,'CALDERO LÍNEA HOTEL ESPECIAL 45 -45 - 42,5 x 43 x 57 - 62l- 2914k','724.webp',23,'0','0','Aluminio','1,8 mm','Aluminio','0','733','Aluminio','0','Helado','Helado','es'),(115,'CALDERO LÍNEA HOTEL ESPECIAL 50 - 47 x 48 x 65 - 85l 3,628','724.webp',23,'0','0','Aluminio','1,8 mm','Aluminio','0','734','Aluminio','0','Helado','Helado','es'),(116,'CALDERO NOBLE 16 - 12 x 16 x 28 - 2,2l - 665gr','60.webp',24,'0','0','Baquelita','1,7 mm','Baquelita','0','60','Aluminio','1','Pulido','Pulido','es'),(117,'CALDERO NOBLE 18 - 14 x 18 x 30 - 3,2 - 770gr','60.webp',24,'0','0','Baquelita','1,7 mm','Baquelita','0','61','Aluminio','1','Pulido','Pulido','es'),(118,'CALDERO NOBLE EIRIFLON 16 - 12 x 16 x 28 - 2,2l - 665gr','238.webp',25,'0','0','Baquelita','1,7 mm','Baquelita','0','238','Aluminio','1','Antiadherente','Negro','es'),(119,'CALDERO NOBLE EIRIFLON 18 - 14 x 18 x 30 - 3,2 - 770gr','238.webp',25,'0','0','Baquelita','1,7 mm','Baquelita','0','239','Aluminio','1','Antiadherente','Negro','es'),(120,'CALDERO PULIDO 12 - 11 x 12 x15 - 1,7l - 180gr ','91.webp',26,'0','0','0','1 mm','Aluminio','0','91','Aluminio','0','Pulido','Pulido','es'),(121,'CALDERO PULIDO 14 - 13 x 14 x 17 - 2,4l - 240gr ','91.webp',26,'0','0','0','1 mm','Aluminio','0','92','Aluminio','0','Pulido','Pulido','es'),(122,'CALDERO PULIDO 16 - 14 x 16 x 19 - 3,4l - 315gr ','91.webp',26,'0','0','0','1 mm','Aluminio','0','93','Aluminio','0','Pulido','Pulido','es'),(123,'CALDERO PULIDO 18 - 15 x 18 x 21 - 4,5l - 370gr','91.webp',26,'0','0','0','1 mm','Aluminio','0','94','Aluminio','0','Pulido','Pulido','es'),(124,'JARRA CERVEZA ONDEADA - 10 x 10,5 x 13 - 0,5ml - 0,90gr','108.webp',27,'0','0','0','1 mm','Aluminio','0','108','Aluminio','0','Pulido','Pulido','es'),(125,'TETERA PULIDA 02 - 12 x 15 x 22 - 1,2l - 335gr ','40.webp',28,'Aluminio','0','Baquelita','1,2 mm','Baquelita','0','40','Aluminio','0','Pulido','Pulido','es'),(126,'TETERA PULIDA 03 - 13 x 18 x 26 - 2,6l - 395gr','40.webp',28,'Aluminio','0','Baquelita','1,2 mm','Baquelita','0','41','Aluminio','0','Pulido','Pulido','es'),(127,'CUCHARÓN BABY - 2,7 x 7,5 x 23 - 0,05ml - 610gr','114.webp',29,'0','Aluminio','0','1,2 mm','0','0','114','Aluminio','0','0','Helado','es'),(128,'CUCHARÓN LÍNEA HOTEL 12 - 5 x 12 x 47 - 0,35ml - 205gr ','251.webp',30,'0','Aluminio','0','1,5 mm','0','0','251','Aluminio','0','0','Helado','es'),(129,'CUCHARÓN LÍNEA HOTEL 14 - 5,5 x 14 x 47 - 0,60ml - 230gr','251.webp',30,'0','Aluminio','0','1,5 mm','0','0','287','Aluminio','0','0','Helado','es'),(130,'CUCHARÓN SUPER FORTE - 3 x 8,5 x 26 - 865gr','115.webp',31,'0','Aluminio','0','1,2 mm','0','0','115','Aluminio','0','0','Helado','es'),(131,'BATERÍA DE COCINA ANGELA 7 PIEZAS - 17,5 - 50,5 - 72,5 - 5,304k ','285.webp',32,'Aluminio','Baquelita','Baquelita','1,8 mm','Baquelita','0','285','Aluminio','1','Pulido','Pulido','es'),(132,'COLADOR PARA PASTA LÍNEA HOTEL 30 - 19 X 30 X 41 - 6L - 350GR','417.webp',50,'Aluminio','0','Aluminio','1,3 mm','Aluminio','1','417','Aluminio','1','Helado','Helado','es'),(133,'COLADOR PARA PASTA LÍNEA HOTEL 35 - 22 X 35 X 46 - 10L - 1040K','417.webp',50,'Aluminio','0','Aluminio','1,3 mm','Aluminio','1','418','Aluminio','1','Helado','Helado','es'),(134,'COLADOR PARA PASTA LÍNEA HOTEL 40 - 24 X 40 X 54 - 18L - 1240K','417.webp',50,'Aluminio','0','Aluminio','1,3 mm','Aluminio','1','419','Aluminio','1','Helado','Helado','es'),(135,'COLADOR PARA PASTA LÍNEA HOTEL 45 - 28 X 45 X 59 - 22L - 1590K','417.webp',50,'Aluminio','0','Aluminio','1,3 mm','Aluminio','1','550','Aluminio','1','Helado','Helado','es'),(136,'COLADOR PARA PASTA LÍNEA HOTEL 30,5 X 52,5 X 30L - 1930K','417.webp',50,'Aluminio','0','Aluminio','1,3 mm','Aluminio','1','420','Aluminio','1','Helado','Helado','es'),(137,'118 - COLADOR PARA PASTA 22 - 11 x 22 x 33 - 2,8l - 345gr','118.webp',51,'Aluminio','0','Baquelita','1,8 mm','Baquelita','0','118','Aluminio','1','Helado','Pulido','es'),(138,'673 - COLADOR PARA PASTA 24 - 12,5 x 25 x 38 - 4l - 405gr','118.webp',51,'Aluminio','0','Baquelita','1,8 mm','Baquelita','0','673','Aluminio','1','Helado','Pulido','es'),(139,'HERVIDOR PULIDO 14 - 11 X 14 X 20 - 1,5L - 265GR','119.webp',57,'Aluminio','Baquelita','Baquelita','1,8 mm','0','0','119','Aluminio','0','Helado','Pulido','es'),(140,'HERVIDOR PULIDO 16 - 11 X 16 X 22 - 2L - 320GR','119.webp',57,'Aluminio','Baquelita','Baquelita','1,8 mm','0','0','120','Aluminio','0','Helado','Pulido','es'),(141,'MOLDE PARA PAN CASERO EIRIFLON GRANDE - 6X 13 X 32,5 - 1,5L - 225 GR','462.webp',59,'0','0','0','1 mm','0','0','462','Aluminio','0','Antiadherente','Negro','es'),(142,'MOLDE PARA PAN CASERO EIRIFLON PEQ - 5,5X 12X 29 - 1L - 225 GR','462.webp',59,'0','0','0','1 mm','0','0','383','Aluminio','0','Antiadherente','Negro','es'),(143,'MOLDE PARA PAN CASERO POLIDA GRANDE - 6X 13X 32 - 1,5L - 235 GR ','461.webp',60,'0','0','0','1 mm','0','0','461','Aluminio','0','Helado','Helado','es'),(144,'MOLDE PARA PAN CASERO POLIDA PEQUEÑO - 6X 12X 29 - 1,0L - 175 GR','461.webp',60,'0','0','0','1 mm','0','0','136','Aluminio','0','Helado','Helado','es'),(145,'MOLDE PARA BUDÍN SIN TAPA 20 - 6,5X 0X 20 - 1,35L - 160GR','391.webp',64,'0','0','0','1 mm','0','0','391','Aluminio','0','Helado','Pulido','es'),(146,'MOLDE PARA BUDÍN SIN TAPA 22 - 6,5X 22 X 22 - 1,45L - 210 GR','391.webp',64,'0','0','0','1 mm','0','0','132','Aluminio','0','Helado','Pulido','es'),(147,'MOLDE PARA BUDÍN SIN TAPA 24 - 6,5X 24X 24 - 1,9L -235 GR','391.webp',64,'0','0','0','1 mm','0','0','392','Aluminio','0','Helado','Pulido','es'),(148,'MOLDE PARA BUDÍN TRADICIONAL18 - 7X 18X 18 - 1,3L 128GR ','131.webp',65,'0','0','0','1 mm','0','0','131','Aluminio','0','Helado','Pulido','es'),(149,'MOLDE PARA BUDÍN TRADICIONAL 20 - 8X 20X 20 - 1,8L - 160 GR ','131.webp',65,'0','0','0','1 mm','0','0','1162','Aluminio','0','Helado','Pulido','es'),(150,'MOLDE PARA BUDÍN TRADICIONAL 22 - 9X 22X 22 - 2,5L - 182GR ','131.webp',65,'0','0','0','1 mm','0','0','1163','Aluminio','0','Helado','Pulido','es'),(151,'MOLDE PARA BUDÍN TRADICIONAL 24 - 10X 24X 24 - 3,3L - 232GR','131.webp',65,'0','0','0','1 mm','0','0','1164','Aluminio','0','Helado','Pulido','es'),(152,'MOLDE PARA PIZZA CRUJIENTE EIRIFLON 35 - 1,5X 35X 35 - 1L - 264GR ','1230.webp',66,'0','0','0','1 mm','0','0','1230','Aluminio','0','Antiadherente','Negro','es'),(153,'MOLDE PARA PIZZA EIRIFLON 35 - 1,5X 35X 35 - 1L - 338GR','1230.webp',66,'0','0','0','1 mm','0','0','1231','Aluminio','0','Antiadherente','Negro','es'),(154,'SARTÉN ALTA EIRIFLON CON MANIJA 20 - 6X 20X 34 - 1,5L - 980GR ','847.webp',67,'Vidrio','0','Baquelita','3 mm','Baquelita','0','847','Aluminio','1','Antiadherente','Negro','es'),(155,'SARTÉN ALTA EIRIFLON CON MANIJA 22 - 6,5X 22X 36 - 2L - 1.140K ','847.webp',67,'Vidrio','0','Baquelita','3 mm','Baquelita','0','848','Aluminio','1','Antiadherente','Negro','es'),(156,'SARTÉN ALTA EIRIFLON CON MANIJA 24 - 6,5X 24X 38 - 2,5L - 1.304K','847.webp',67,'Vidrio','0','Baquelita','3 mm','Baquelita','0','849','Aluminio','1','Antiadherente','Negro','es'),(157,'SARTÉN ALTA RED CON MANIJA 20 - 6X 20X 34 - 1,5L - 980GR','831.webp',68,'Vidrio','0','Baquelita','3 mm','Baquelita','0','831','Aluminio','1','Antiadherente','Rojo','es'),(158,'SARTÉN ALTA RED CON MANIJA 22 - 6,5X 22X 36 - 2L - 1.140K','831.webp',68,'Vidrio','0','Baquelita','3 mm','Baquelita','0','832','Aluminio','1','Antiadherente','Rojo','es'),(159,'SARTÉN ALTA RED CON MANIJA 24 - 6,5X 24X 38 - 2,5L - 1.304K','831.webp',68,'Vidrio','0','Baquelita','3 mm','Baquelita','0','833','Aluminio','1','Antiadherente','Rojo','es'),(160,'SARTÉN BLACK WHITE 28 - 5,5X 28X 55 - 2,7L - 704GR ','509.webp',69,'0','Baquelita','0','2 mm','0','0','509','Aluminio','0','Antiadherente','Pulido','es'),(161,'SARTÉN BLACK WHITE 30 - 5,5X 30X 57 - 3,3L 760GR ','509.webp',69,'0','Baquelita','0','2 mm','0','0','510','Aluminio','0','Antiadherente','Pulido','es'),(162,'SARTÉN BLACK WHITE 32 - 6,5X 32X 59 - 4L - 848GR ','509.webp',69,'0','Baquelita','0','2 mm','0','0','511','Aluminio','0','Antiadherente','Pulido','es'),(163,'SARTÉN BLACK WHITE 34- 7X 34X 60 - 5L - 962 GR','509.webp',69,'0','Baquelita','0','2 mm','0','0','512','Aluminio','0','Antiadherente','Pulido','es'),(164,'SARTÉN EIRIFLON SIN TAPA ESPECIAL 18 - 4,5X 18X 34 - 1L - 185GR ','275.webp',70,'0','Baquelita','0','1,2 mm','0','0','275','Aluminio','0','Antiadherente','Negro','es'),(165,'SARTÉN EIRIFLON SIN TAPA ESPECIAL 20 - 4,5X 20X 36 - 1,2L - 205GR ','275.webp',70,'0','Baquelita','0','1,2 mm','0','0','276','Aluminio','0','Antiadherente','Negro','es'),(166,'SARTÉN EIRIFLON SIN TAPA ESPECIAL 24 - 4,5X 25X 40 - 1,4L - 270GR ','275.webp',70,'0','Baquelita','0','1,2 mm','0','0','506','Aluminio','0','Antiadherente','Negro','es'),(167,'SARTÉN EIRIFLON SIN TAPA ESPECIAL 22 - 4,5X 22X 38 - 1,4L 235GR','275.webp',70,'0','Baquelita','0','1,2 mm','0','0','604','Aluminio','0','Antiadherente','Negro','es'),(168,'SARTÉN ESPECIAL SIN TAPA 18 - 4,5X 18X 34 - 1L -185GR','123.webp',71,'0','Baquelita','0','1,2 mm','0','0','123','Aluminio','0','Helado','Pulido','es'),(169,'SARTÉN ESPECIAL SIN TAPA 20 - 4,5X 20X 36 - 1,2L - 205 GR','123.webp',71,'0','Baquelita','0','1,2 mm','0','0','124','Aluminio','0','Helado','Pulido','es'),(170,'SARTÉN ESPECIAL SIN TAPA 22 - 4,5X 22X 38 - 1,4L - 240 GR','123.webp',71,'0','Baquelita','0','1,2 mm','0','0','125','Aluminio','0','Helado','Pulido','es'),(171,'SARTÉN ESPECIAL SIN TAPA 24 - 4,5X 24X 40 - 1,6L - 270GR','123.webp',71,'0','Baquelita','0','1,2 mm','0','0','126','Aluminio','0','Helado','Pulido','es'),(172,'FRIGIDEIRA FRANCESA EIRIFLON 18 - 3,5X 18X 32 - 0,4L – 204GR','499.webp',72,'0','Baquelita','0','1,8 mm','0','0','499','Aluminio','0','Antiadherente','Negro','es'),(173,'FRIGIDEIRA FRANCESA EIRIFLON  20 - 3,5X 20X 34 - 0,6L – 258GR','499.webp',72,'0','Baquelita','0','1,8 mm','0','0','500','Aluminio','0','Antiadherente','Negro','es'),(174,'FRIGIDEIRA FRANCESA EIRIFLON  22 - 3,5X 22X 36 - 0,8L - 272 GR','499.webp',72,'0','Baquelita','0','1,8 mm','0','0','501','Aluminio','0','Antiadherente','Negro','es'),(175,'FRIGIDEIRA FRANCESA EIRIFLON  24 - 4X 24X 38 - 1L - 294 GR','499.webp',72,'0','Baquelita','0','1,8 mm','0','0','502','Aluminio','0','Antiadherente','Negro','es'),(176,'FRIGIDEIRA FRANCESA EIRIFLON  26 - 4X 26X 42 - 1,2L - 332 GR','499.webp',72,'0','Baquelita','0','1,8 mm','0','0','503','Aluminio','0','Antiadherente','Negro','es'),(177,'FRIGIDEIRA FRANCESA EIRIFLON  28 - 4,5X 28X 44 - 1,4L - 372 GR','499.webp',72,'0','Baquelita','0','1,8 mm','0','0','504','Aluminio','0','Antiadherente','Negro','es'),(178,'FRIGIDEIRA FRANCESA EIRIFLON  30 - 4,5X 30X 46 - 1,6 - 450 GR','499.webp',72,'0','Baquelita','0','1,8 mm','0','0','505','Aluminio','0','Antiadherente','Negro','es'),(179,'SARTÉN FRANCESA ESPECIAL AA 20 - 3,5X 20X 34X - 0,6L -154GR','223.webp',73,'0','Baquelita','0','1,2 mm','0','0','223','Aluminio','0','Antiadherente','Negro','es'),(180,'SARTÉN FRANCESA ESPECIAL AA 22- 3,5X 22X 38X - 0,8 – 160GR','223.webp',73,'0','Baquelita','0','1,2 mm','0','0','497','Aluminio','0','Antiadherente','Negro','es'),(181,'SARTÉN FRANCESA ESPECIAL AA 24 - 3,5X 24X 38X - 1L- 200GR','223.webp',73,'0','Baquelita','0','1,2 mm','0','0','324','Aluminio','0','Antiadherente','Negro','es'),(182,'SARTÉN FRANCESA ESPECIAL RED 20 - 3,5X 20X 34 - 0,6L - 154 GR','0',74,'0','Baquelita','0','1,2 mm','0','0','1218','Aluminio','0','Antiadherente','Rojo','es'),(183,'SARTÉN FRANCESA ESPECIAL RED 22 - 3,5X 22X 36 - 0,8L – 160GR','0',74,'0','Baquelita','0','1,2 mm','0','0','1219','Aluminio','0','Antiadherente','Rojo','es'),(184,'SARTÉN FRANCESA ESPECIAL RED 24 - 3,5X 24X 38 - 1L – 200GR','0',74,'0','Baquelita','0','1,2 mm','0','0','1220','Aluminio','0','Antiadherente','Rojo','es'),(185,'SARTÉN FRANCESA RED 18 - 3,5X 18X 32 - 0,4L – 100GR','700.webp',75,'0','Baquelita','0','1,8 mm','0','0','700','Aluminio','0','Antiadherente','Rojo','es'),(186,'SARTÉN FRANCESA RED 20 - 3,5X 20X 34 - 0,6L 154 GR','700.webp',75,'0','Baquelita','0','1,8 mm','0','0','701','Aluminio','0','Antiadherente','Rojo','es'),(187,'SARTÉN FRANCESA RED 24 - 3,5X 24X 38 - 1L - 294 GR','700.webp',75,'0','Baquelita','0','1,8 mm','0','0','703','Aluminio','0','Antiadherente','Rojo','es'),(188,'SARTÉN FRANCESA RED 26 - 4X 26X 42 - 1,2L - 332 GR','700.webp',75,'0','Baquelita','0','1,8 mm','0','0','704','Aluminio','0','Antiadherente','Rojo','es'),(189,'SARTÉN FRANCESA RED 22 - 3,5X 22X 36 - 0,8L - 272 GR','700.webp',75,'0','Baquelita','0','1,8 mm','0','0','702','Aluminio','0','Antiadherente','Rojo','es'),(190,'SARTÉN GOURMET RED 30 - 5X 30X 53X 3,3L - 400GR','1169.webp',76,'0','Baquelita','0','1,8 mm','0','0','1169','Aluminio','0','Antiadherente','Rojo','es'),(191,'SARTÉN L L CLARITY EIRIF CON TAPA 20 - 5,5X 20X 37,5 - 1,4L – 954GR','219.webp',77,'Vidrio','Baquelita','Baquelita','3 mm','0','0','219','Aluminio','1','Antiadherente','Negro','es'),(192,'SARTÉN L L CLARITY EIRIF CON TAPA 24 - 5,5X 24X 0 - 2,2L – 1.274K','219.webp',77,'Vidrio','Baquelita','Baquelita','3 mm','0','0','639','Aluminio','1','Antiadherente','Negro','es'),(193,'SARTÉN L L CLARITY RED CON TAPA 20 - 5,5X 20X 37 - 1,4L – 936GR','766.webp',78,'Vidrio','Baquelita','Baquelita','3 mm','0','0','766','Aluminio','1','Antiadherente','Rojo','es'),(194,'SARTÉN L L CLARITY RED CON TAPA 22 - 5,5X 22X 39 - 1,6L – 1.086K','766.webp',78,'Vidrio','Baquelita','Baquelita','3 mm','0','0','767','Aluminio','1','Antiadherente','Rojo','es'),(195,'SARTÉN L L CLARITY RED CON TAPA 24 - 5,5X 24X 42 - 2,2L – 1.346K','766.webp',78,'Vidrio','Baquelita','Baquelita','3 mm','0','0','768','Aluminio','1','Antiadherente','Rojo','es'),(196,'SARTÉN LÍNEA HOTEL 28 - 6X 28X 55 - 2,5L – 0,795GR','546.webp',79,'0','Baquelita','0','2,3 mm','Alumínio','0','546','Aluminio','0','Helado','Helado','es'),(197,'SARTÉN LÍNEA HOTEL 30 - 6X 30X63 - 3L - 875 GR','546.webp',79,'0','Baquelita','0','2,3 mm','Alumínio','0','547','Aluminio','0','Helado','Helado','es'),(198,'SARTÉN LÍNEA HOTEL 32 - 6X 32X 64 - 3,5L – 960GR','546.webp',79,'0','Baquelita','0','2,3 mm','Alumínio','0','548','Aluminio','0','Helado','Helado','es'),(199,'SARTÉN LÍNEA HOTEL 34 - 7X 34X 65 - 4,5L – 1.020K','546.webp',79,'0','Baquelita','0','2,3 mm','Alumínio','0','549','Aluminio','0','Helado','Helado','es'),(200,'SARTÉN LÍNEA HOTEL 36 - 7X 36X 68 - 5,5L - 1.175 K','546.webp',79,'0','Baquelita','0','2,3 mm','Alumínio','0','31','Aluminio','0','Helado','Helado','es'),(201,'SARTÉN LÍNEA HOTEL 38 - 7X 38X 71 - 6,5 – 1.300K','546.webp',79,'0','Baquelita','0','2,3 mm','Alumínio','0','32','Aluminio','0','Helado','Helado','es'),(202,'SARTÉN LÍNEA HOTEL 40 - 7X 40X 73 - 7L - 1.525K ','546.webp',79,'0','Baquelita','0','2,3 mm','Alumínio','0','42','Aluminio','0','Helado','Helado','es'),(203,'SARTÉN LÍNEA HOTEL 45 - 8X 45X 78 - 11L – 1.640K','546.webp',79,'0','Baquelita','0','2,3 mm','Alumínio','0','71','Aluminio','0','Helado','Helado','es'),(204,'SARTÉN LÍNEA HOTEL 50 - 10X 50X 82 - 13L 2.130K','546.webp',79,'0','Baquelita','0','2,3 mm','Alumínio','0','83','Aluminio','0','Helado','Helado','es'),(205,'SARTÉN LONG LIFE CON TAPA 18 - 5X 18,5X 35,5 - 1,2L – 0,648GR','540.webp',80,'Vidrio','Baquelita','Baquelita','3 mm','0','0','540','Aluminio','1','Helado','Pulido','es'),(206,'SARTÉN LONG LIFE CON TAPA 20 - 5X 20,5X 38 - 1,4L – 0,708GR','540.webp',80,'Vidrio','Baquelita','Baquelita','3 mm','0','0','541','Aluminio','1','Helado','Pulido','es'),(207,'SARTÉN LONG LIFE CON TAPA 22 - 5X 22X  40 - 1,6L – 0,816GR','540.webp',80,'Vidrio','Baquelita','Baquelita','3 mm','0','0','542','Aluminio','1','Helado','Pulido','es'),(208,'SARTÉN LONG LIFE CON TAPA 24 - 5X 24,5 42 - 2,2L – 0,952GR','540.webp',80,'Vidrio','Baquelita','Baquelita','3 mm','0','0','543','Aluminio','1','Helado','Pulido','es'),(209,'SARTÉN LONG LIFE CON TAPA 26 - 5X 26,5X 50 - 2,5L 1.128K','540.webp',80,'Vidrio','Baquelita','Baquelita','3 mm','0','0','544','Aluminio','1','Helado','Pulido','es'),(210,'SARTÉN LONG LIFE CON TAPA 28 - 5X 28,5X 54 - 3,1L – 1.290K','540.webp',80,'Vidrio','Baquelita','Baquelita','3 mm','0','0','588','Aluminio','1','Helado','Pulido','es'),(211,'SARTÉN LONG LIFE CON TAPA 30 - 5X 30,5X 56 - 3,4L – 1.354K','540.webp',80,'Vidrio','Baquelita','Baquelita','3 mm','0','0','589','Aluminio','1','Helado','Pulido','es'),(212,'SARTÉN LONG LIFE EIRIFLON CON TAPA 18 - 5X 18X 35 - 1,2L – 0,638GR','579.webp',81,'Vidrio','Baquelita','Baquelita','3 mm','0','0','579','Aluminio','1','Antiadherente','Negro','es'),(213,'SARTÉN LONG LIFE EIRIFLON CON TAPA 20 - 5X 20X 38 - 1,4L – 0,724GR','579.webp',81,'Vidrio','Baquelita','Baquelita','3 mm','0','0','580','Aluminio','1','Antiadherente','Negro','es'),(214,'SARTÉN LONG LIFE EIRIFLON CON TAPA 22 - 5X 22X 40 - 1,6L – 0,810GR','579.webp',81,'Vidrio','Baquelita','Baquelita','3 mm','0','0','581','Aluminio','1','Antiadherente','Negro','es'),(215,'SARTÉN LONG LIFE EIRIFLON CON TAPA 24 - 5X 24X 42 - 2,2L - 0,916 GR','579.webp',81,'Vidrio','Baquelita','Baquelita','3 mm','0','0','582','Aluminio','1','Antiadherente','Negro','es'),(216,'SARTÉN LONG LIFE EIRIFLON CON TAPA 26 - 6X 26X 50 - 2,5L – 1.126K','579.webp',81,'Vidrio','Baquelita','Baquelita','3 mm','0','0','583','Aluminio','1','Antiadherente','Negro','es'),(217,'SARTÉN LONG LIFE EIRIFLON CON TAPA 28 - 6X 28X 54 - 3,1L – 1.282K','579.webp',81,'Vidrio','Baquelita','Baquelita','3 mm','0','0','584','Aluminio','1','Antiadherente','Negro','es'),(218,'SARTÉN LONG LIFE EIRIFLON CON TAPA 30 - 6X 30X 56 - 3,4L – 1.370K','579.webp',81,'Vidrio','Baquelita','Baquelita','3 mm','0','0','585','Aluminio','1','Antiadherente','Negro','es'),(219,'SARTÉN LONG LIFE EIRIFLON SIN TAPA 18 - 5X 18X 35 - 1,2L -0,476GR','527.webp',82,'0','Baquelita','0','3 mm','0','0','572','Aluminio','0','Antiadherente','Negro','es'),(220,'SARTÉN LONG LIFE EIRIFLON SIN TAPA 20 - 5X  20X 38 - 1,4L – 0,538GR','527.webp',82,'0','Baquelita','0','3 mm','0','0','573','Aluminio','0','Antiadherente','Negro','es'),(221,'SARTÉN LONG LIFE EIRIFLON SIN TAPA 22 - 5X 22X 40 - 1,6L – 0,594GR','527.webp',82,'0','Baquelita','0','3 mm','0','0','574','Aluminio','0','Antiadherente','Negro','es'),(222,'SARTÉN LONG LIFE EIRIFLON SIN TAPA 24 - 5X 24X 42 - 2,2L – 0,684GR','527.webp',82,'0','Baquelita','0','3 mm','0','0','575','Aluminio','0','Antiadherente','Negro','es'),(223,'SARTÉN LONG LIFE EIRIFLON SIN TAPA 26 - 5X 26X 50 - 2,5L – 0,812GR','527.webp',82,'0','Baquelita','0','3 mm','0','0','576','Aluminio','0','Antiadherente','Negro','es'),(224,'SARTÉN LONG LIFE EIRIFLON SIN TAPA 28 - 5X 28X 54 - 3,1L – 0,930GR','527.webp',82,'0','Baquelita','0','3 mm','0','0','577','Aluminio','0','Antiadherente','Negro','es'),(225,'SARTÉN LONG LIFE EIRIFLON SIN TAPA 30- 5X 30X 56 - 3,4L – 1.004K','527.webp',82,'0','Baquelita','0','3 mm','0','0','578','Aluminio','0','Antiadherente','Negro','es'),(226,'SARTÉN LONG LIFE SIN TAPA 18 - 5X 18X 35 - 1,2L – 0,470GR','205.webp',83,'0','Baquelita','0','3 mm','0','0','205','Aluminio','0','Helado','Pulido','es'),(227,'SARTÉN LONG LIFE SIN TAPA 20 - 5X 20X 36 - 1,4L – 0,545GR','205.webp',83,'0','Baquelita','0','3 mm','0','0','206','Aluminio','0','Helado','Pulido','es'),(228,'SARTÉN LONG LIFE SIN TAPA 22 - 5X 22X 38 - 1,6L – 0,600GR','205.webp',83,'0','Baquelita','0','3 mm','0','0','207','Aluminio','0','Helado','Pulido','es'),(229,'SARTÉN LONG LIFE SIN TAPA 26 - 6X 26X 51 - 2,5L – 0,850GR','389.webp',84,'0','Baquelita','0','3 mm','0','0','389','Aluminio','0','Helado','Pulido','es'),(230,'SARTÉN LONG LIFE SIN TAPA 28 - 6X 28X 53 - 3,1L – 0,965GR','389.webp',84,'0','Baquelita','0','3 mm','0','0','586','Aluminio','0','Helado','Pulido','es'),(231,'SARTÉN LONG LIFE SIN TAPA 30 - 6X 30X 55 - 3,4L – 1.000K','389.webp',84,'0','Baquelita','0','3 mm','0','0','587','Aluminio','0','Helado','Pulido','es'),(232,'SARTÉN NOBLE CON TAPA 18 - 4,5X 18X 33 - 1L – 0,435GR','880.webp',85,'Aluminio','Baquelita','0','1,5 mm','0','0','880','Aluminio','1','Helado','Pulido','es'),(233,'SARTÉN NOBLE CON TAPA 20 - 4,5X 20X 36 - 1,2L – 0,510GR','880.webp',85,'Aluminio','Baquelita','0','1,5 mm','0','0','881','Aluminio','1','Helado','Pulido','es'),(234,'SARTÉN NOBLE CON TAPA 22 - 4,5X 22X 37 - 1,5L – 0,555GR','880.webp',85,'Aluminio','Baquelita','0','1,5 mm','0','0','882','Aluminio','1','Helado','Pulido','es'),(235,'SARTÉN NOBLE CON TAPA 24 - 4,5X 24X 39 - 1,7L – 0,625GR','880.webp',85,'Aluminio','Baquelita','0','1,5 mm','0','0','883','Aluminio','1','Helado','Pulido','es'),(236,'SARTÉN NOBLE EIRIFLON CON TAPA 18 - 4,5X 18X 33 - 1L – 0,445GR','1242.webp',86,'Aluminio','Baquelita','0','1,5 mm','0','0','1242','Aluminio','1','Antiadherente','Negro','es'),(237,'SARTÉN NOBLE EIRIFLON CON TAPA 20 - 4,5X 20X 36 - 1,2L – 0,515GR','1242.webp',86,'Aluminio','Baquelita','0','1,5 mm','0','0','1243','Aluminio','1','Antiadherente','Negro','es'),(238,'SARTÉN NOBLE EIRIFLON CON TAPA 22 - 4,5X 22X 37 - 1,5L – 0,575GR','1242.webp',86,'Aluminio','Baquelita','0','1,5 mm','0','0','1244','Aluminio','1','Antiadherente','Negro','es'),(239,'SARTÉN NOBLE EIRIFLON CON TAPA 24 -  4,5X 24X 39 - 1,7L – 0,620GR','1242.webp',86,'Aluminio','Baquelita','0','1,5 mm','0','0','1245','Aluminio','1','Antiadherente','Negro','es'),(240,'SARTÉN NOBLE EIRIFLON CON TAPA 26 - 4,5X 26X 42 - 1,9L – 0,765GR','1242.webp',86,'Aluminio','Baquelita','0','1,5 mm','0','0','1256','Aluminio','1','Antiadherente','Negro','es'),(241,'SARTÉN NOBLE EIRIFLON SIN TAPA - 20 - 4,5X 20X 36 - 1,2L – 0,300GR','243.webp',87,'0','Baquelita','0','1,5 mm','0','0','243','Aluminio','0','Antiadherente','Negro','es'),(242,'SARTÉN NOBLE EIRIFLON SIN TAPA - 22 - 4,5X 22X 37 - 1,5L  - 0,340GR','243.webp',87,'0','Baquelita','0','1,5 mm','0','0','244','Aluminio','0','Antiadherente','Negro','es'),(243,'SARTÉN NOBLE EIRIFLON SIN TAPA - 24 - 4,5X 24X 39 - 1,7L – 0,380GR','243.webp',87,'0','Baquelita','0','1,5 mm','0','0','245','Aluminio','0','Antiadherente','Negro','es'),(244,'SARTÉN NOBLE EIRIFLON SIN TAPA - 18 - 4,5X 18X 33 - 1L – 0,275GR','243.webp',87,'0','Baquelita','0','1,5 mm','0','0','242','Aluminio','0','Antiadherente','Negro','es'),(245,'SARTÉN NOBLE RED CON TAPA 18 - 4,5X 18X 33 - 1L – 0,445GR','153.webp',88,'Vidrio','Baquelita','0','1,5 mm','0','0','153','Aluminio','1','Antiadherente','Rojo','es'),(246,'SARTÉN NOBLE RED CON TAPA 20 - 4,5X 20X 36 - 1,2L – 0,515GR','153.webp',88,'Vidrio','Baquelita','0','1,5 mm','0','0','154','Aluminio','1','Antiadherente','Rojo','es'),(247,'SARTÉN NOBLE RED CON TAPA 22 - 4,5X 22X 37 - 1,5L – 0,195GR','153.webp',88,'Vidrio','Baquelita','0','1,5 mm','0','0','157','Aluminio','1','Antiadherente','Rojo','es'),(248,'SARTÉN NOBLE RED CON TAPA 24 - 4,5X 24X 39 - 1,7L – 0,270GR','153.webp',88,'Vidrio','Baquelita','0','1,5 mm','0','0','158','Aluminio','1','Antiadherente','Rojo','es'),(249,'SARTÉN NOBLE SIN TAPA 18- 4,5X 18X 33 - 1L – 0,260GR','67.webp',89,'0','Baquelita','0','1,5 mm','0','0','673','Aluminio','0','Helado','Pulido','es'),(250,'SARTÉN NOBLE SIN TAPA 20  - 4,5X 20X 36 - 1,2L- 0,290GR','67.webp',89,'0','Baquelita','0','1,5 mm','0','0','680','Aluminio','0','Helado','Pulido','es'),(251,'SARTÉN NOBLE SIN TAPA 22 - 4,5X 22X 37 - 1,5L- 0,345GR','67.webp',89,'0','Baquelita','0','1,5 mm','0','0','69','Aluminio','0','Helado','Pulido','es'),(252,'SARTÉN NOBLE SIN TAPA 24 - 4,5X 24X 39 - 1,7L – 0,375GR','67.webp',89,'0','Baquelita','0','1,5 mm','0','0','70','Aluminio','0','Helado','Pulido','es'),(253,'SARTÉN PARA HUEVOS - 2,5X 14X 27 - 0,2L – 0,102GR','674.webp',90,'0','Baquelita','0','1 mm','0','0','674','Aluminio','0','Antiadherente','Negro','es'),(254,'SARTÉN SQUARE A.A CON MANIJA - 7,5 X 28 X 38 - 4L – 1800K','1151.webp',91,'Vidrio','Goma','Baquelita','3 mm','Goma','0','1151','Aluminio','1','Antiadherente','Negro','es'),(255,'SARTÉN SQUARE A.A CON MANGO - 7,5 X 28 X 38 - 4L – 1800K','1151.webp',91,'Vidrio','Goma','Baquelita','3 mm','Goma','0','1152','Aluminio','1','Antiadherente','Negro','es'),(256,'SARTÉN SQUARE RED CON MANIJA - 7,5 X 28 X 38 - 4L – 1800K','445.webp',92,'Vidrio','Goma','Baquelita','3 mm','Goma','0','445','Aluminio','1','Antiadherente','Rojo','es'),(257,'SARTÉN SQUARE RED CON MANIJA - 7,5 X 28 X 38 - 4L – 1800K','445.webp',92,'Vidrio','Goma','Baquelita','3 mm','Goma','0','446','Aluminio','1','Antiadherente','Rojo','es'),(258,'SARTÉN WOK EIRIFLON CON TAPA - 10 X 32 X 46 - 5L – 1000K','1153.webp',93,'Aluminio','0','Baquelita','3 mm','Baquelita','0','1153','Aluminio','1','Antiadherente','Negro','es'),(259,'SARTÉN WOK EIRIFLON CON TAPA - 9,5 X 28 X 54 - 4,4 – 1334K','1153.webp',93,'Aluminio','0','Baquelita','3 mm','Baquelita','0','1423','Aluminio','1','Antiadherente','Negro','es'),(260,'SARTÉN WOK EIRIFLON CON TAPA MANIJA 36 - 12 X 36,5 X 50 - 9L – 2388K','1425.webp',94,'Aluminio','0','Baquelita','3 mm','Baquelita','0','1425','Aluminio','1','Antiadherente','Negro','es'),(261,'SARTÉN WOK EIRIFLON CON TAPA MANIJA 28 - 9,5 X 28 X 42 - 4,4L – 1592K','1425.webp',94,'Aluminio','0','Baquelita','3 mm','Baquelita','0','1424','Aluminio','1','Antiadherente','Negro','es'),(262,'SARTÉN WOK EIRIFLON SIN TAPA 28 - 9,5 X 28 X 51 - 4,7L- 1004K','423.webp',95,'0','0','0','3 mm','Baquelita','0','423','Aluminio','0','Antiadherente','Negro','es'),(263,'SARTÉN WOK RED 28 CON MANIJA 28 - 9,5 X 28 X 42 X 4,4L – 2000K','0',96,'Vidrio','0','Baquelita','3 mm','Baquelita','0','869','Aluminio','1','Antiadherente','Rojo','es'),(264,'JARRA PULIDA 001 - 15 X 13 X 29 - 1,8L – 175GR','147.webp',97,'0','Baquelita','0','1,2 mm','0','0','147','Aluminio','0','Helado','Pulido','es'),(265,'JARRA PULIDA 01 - 16 X 14 X 20 2,2L – 195GR','147.webp',97,'0','Baquelita','0','1,2 mm','0','0','148','Aluminio','0','Helado','Pulido','es'),(266,'JARRA PULIDA 02 - 18 X 16 X 22 - 3,2L – 250GR','147.webp',97,'0','Baquelita','0','1,2 mm','0','0','149','Aluminio','0','Helado','Pulido','es'),(267,'JARRA PULIDA 03 - 20 X 18 X 24 - 4,5 – 310GR','147.webp',97,'0','Baquelita','0','1,2 mm','0','0','150','Aluminio','0','Helado','Pulido','es'),(268,'JUEGO DE ASADERAS RECTANGULAR 02/03/04 - 5X32X45 – 1185GR','331.webp',98,'0','0','0','1 mm','0','0','331','Aluminio','0','Helado','Helado','es'),(269,'JUEGO DE ASADERAS RECTANGULAR ALTA 2/3/4 - 7X32,5X45- 1330GR','659.webp',99,'0','0','0','1 mm','0','0','659','Aluminio','0','Helado','Helado','es'),(270,'JUEGO BOTES PARA ALIMENTOS 5 PIEZAS - 23,5 X 23 X 23 – 1894K','152.webp',100,'Aluminio','0','Baquelita','1 mm','0','0','152','Aluminio','0','Helado','Pulido','es'),(271,'KIT PAPAS FRITAS - 8X22X48- 2,4L – 706GR','293.webp',101,'0','Baquelita','0','1,2 mm','0','0','293','Aluminio','0','Helado','Pulido','es'),(272,'KIT PAPAS FRITAS EIRIFLON -  8X22X48- 2,4L – 706GR','1158.webp',102,'0','Baquelita','0','1,2 mm','0','0','1158','Aluminio','0','Antiadherente','Negro','es'),(273,'KIT PAPAS FRITAS RED -  8X22X48- 2,4L – 706GR','1159.webp',103,'0','Baquelita','0','1,2 mm','0','0','1159','Aluminio','0','Antiadherente','Rojo','es'),(274,'GRASERA LÍNEA HOTEL CON MANIJA - 27 X 30X 40 - 18L – 1260K','155.webp',104,'Aluminio','0','Aluminio','1,5 mm','Aluminio','0','155','Aluminio','0','Helado','Helado','es'),(275,'GRASERA LÍNEA HOTEL CON MANIJA - 31 X 34 X 45 - 25L – 1615K','155.webp',104,'Aluminio','0','Aluminio','1,5 mm','Aluminio','0','82','Aluminio','0','Helado','Helado','es'),(276,'GRASERA LÍNEA HOTEL CON MANIJA 35 X 38 X 49 - 36L – 2360K','155.webp',104,'Aluminio','0','Aluminio','1,5 mm','Aluminio','0','156','Aluminio','0','Helado','Helado','es'),(277,'COLADOR PARA LAVAR ARROZ - 8,5 X 26 X 26 - 3L – 180GR','214.webp',105,'0','0','0','1 mm','0','0','214','Aluminio','0','Helado','Helado','es'),(278,'LONCHERA ACERO INOXIDABLE 16 16 - 7 X 16 X 16 - 1,5 – 180GR','163.webp',106,'Aluminio','0','0','0,9 mm','0','0','163','Aluminio','0','Helado','Pulido','es'),(279,'OLLA PARRILLA PARA HORNO MULTI GRILL PLUS 30 - 4,5 x 32 x 44 x 2l – 1284gr','186.webp',107,'Aluminio','0','0','1,2 mm','Baquelita','0','186','Aluminio','0','Helado','Pulido','es'),(280,'SARTÉN DOBLE PARA OMELETTE O TORTILLAS EIRIFLON 16 - 4 X 16 X 22 - 5O0ML – 365GR','539.webp',108,'0','Baquelita','0','1 mm','0','0','539','Aluminio','0','Antiadherente','Negro','es'),(281,'SARTÉN DOBLE PARA OMELETTE O TORTILLAS EIRIFLON 20 - 4,5 X 20 X 33 -  1L – 400GR','539.webp',108,'0','Baquelita','0','1 mm','0','0','220','Aluminio','0','Antiadherente','Negro','es'),(282,'SARTÉN DOBLE PARA OMELETTE O TORTILLAS RED 16 - 4X 16X 29 - 500ML – 365GR','280.webp',109,'0','Baquelita','0','1 mm','0','0','280','Aluminio','0','Antiadherente','Rojo','es'),(283,'SARTÉN DOBLE PARA OMELETTE O TORTILLAS RED 20 - 4,5X 20X 33 - 1L – 400GR','280.webp',109,'0','Baquelita','0','1 mm','0','0','260','Aluminio','0','Antiadherente','Rojo','es'),(284,'OLLA DE PRESIÓN 4,05 EIRIFLON TAPA PULIDA  - 14,5X 19,5X 38 - 4,05L – 1.610K','472.webp',110,'Aluminio','Baquelita','0','1,8 mm','Baquelita','1','472','Aluminio','0','Antiadherente','Negro','es'),(285,'PAELLERA BLACK WHITE 28 - 5,5X 28X 37 - 2,7L – 584GR','522.webp',111,'0','0','0','2,2 mm','Aluminio','0','522','Aluminio','0','Antiadherente','Pulido','es'),(286,'PAELLERA BLACK WHITE 30 - 5,5X 30X 39 - 3,3L – 674GR','522.webp',111,'0','0','0','2,2 mm','Aluminio','0','523','Aluminio','0','Antiadherente','Pulido','es'),(287,'PAELLERA BLACK WHITE 32 - 6,5X 32X 41 - 4L – 746GR','522.webp',111,'0','0','0','2,2 mm','Aluminio','0','524','Aluminio','0','Antiadherente','Pulido','es'),(288,'PAELLERA BLACK WHITE 34 - 7X 34X 43 - 5L – 834GR','522.webp',111,'0','0','0','2,2 mm','Aluminio','0','525','Aluminio','0','Antiadherente','Pulido','es'),(289,'PAELLERA BLACK WHITE 45 - 3,5X 45X 52 - 7L 874GR','522.webp',111,'0','0','0','2,2 mm','Aluminio','0','370','Aluminio','0','Antiadherente','Pulido','es'),(290,'OLLA DE PRESIÓN 10 LITROS PULIDA - 20,5X 26X 45 - 10L – 2.154K','386.webp',112,'Aluminio','Baquelita','0','2,7 mm','Baquelita','1','386,jpg','Aluminio','0','Helado','Pulido','es'),(291,'OLLA DE PRESIÓN 2,00LTS - 9X 19,5X 38 - 2L – 838GR','908.webp',113,'Aluminio','Baquelita','0','0 mm','Baquelita','1','908','Aluminio','0','Helado','Pulido','es'),(292,'OLLA DE PRESIÓN 3,00 LTS - 10,5X 20,5X 39 - 3L - 946 GR','908.webp',113,'Aluminio','Baquelita','0','0 mm','Baquelita','1','397','Aluminio','0','Helado','Pulido','es'),(293,'OLLA DE PRESIÓN 7,00 LTS - 18,5X 22,5X 42 - 7L -  1.940GR','908.webp',113,'Aluminio','Baquelita','0','0 mm','Baquelita','1','306','Aluminio','0','Helado','Pulido','es'),(294,'OLLA DE PRESIÓN EIRIF NEW LINE 4,5 - 15X 20,5X 39 - 4,5L – 1.338K','399.webp',114,'Aluminio','Baquelita','0','2,3 mm','Baquelita','1','399','Aluminio','0','Antiadherente','Negro','es'),(295,'OLLA DE PRESIÓN EIRIFLON 10,00 LTS - 20,5X 26X 45 - 10L – 2.162L','382.webp',115,'Aluminio','Baquelita','0','0 mm','Baquelita','1','382','Aluminio','0','Antiadherente','Negro','es'),(296,'OLLA DE PRESIÓN EIRIFLON 2,00 LTS - 9X 19,5X 38 - 2L – 800GR','382.webp',115,'Aluminio','Baquelita','0','0 mm','Baquelita','1','909','Aluminio','0','Antiadherente','Negro','es'),(297,'OLLA DE PRESIÓN EIRIFLON 3,00 LTS - 10,5X 20,5X 39 - 3L – 1.100K','382.webp',115,'Aluminio','Baquelita','0','0 mm','Baquelita','1','401','Aluminio','0','Antiadherente','Negro','es'),(298,'OLLA DE PRESIÓN EIRIFLON 4,05 LTS - 14,5X 19,5X 38 - 4,05L – 1.096K','382.webp',115,'Aluminio','Baquelita','0','0 mm','Baquelita','1','903','Aluminio','0','Antiadherente','Negro','es'),(299,'OLLA DE PRESIÓN EIRIFLON 7,00 LTS - 18,5X 22,5X 42 - 7L - 1.858K ','382.webp',115,'Aluminio','Baquelita','0','0 mm','Baquelita','1','307','Aluminio','0','Antiadherente','Negro','es'),(300,'OLLA DE PRESIÓN POLIDA NEW LINE 4,5 - 15X 20,5X 39 - 4,5L – 1.370K','398.webp',116,'Aluminio','Baquelita','0','2,3 mm','Baquelita','1','398','Aluminio','0','Helado','Pulido','es'),(301,'OLLA DE PRESIÓN PROFESIONAL 13 LTS - 16X 33X 48 - 13L – 5.788K','905.webp',117,'Aluminio','0','0','4 mm','Baquelita','1','905','Aluminio','0','Helado','Pulido','es'),(302,'OLLA DE PRESIÓN PROFESIONAL 18 LTS -  21X 33X 48 - 18L – 6.395K','905.webp',117,'Aluminio','0','0','4 mm','Baquelita','1','906','Aluminio','0','Helado','Pulido','es'),(303,'OLLA DE PRESIÓN PROFESIONAL 22 LTS - 25X 33X 48  - 22L – 6.951K','905.webp',117,'Aluminio','0','0','4 mm','Baquelita','1','907','Aluminio','0','Helado','Pulido','es'),(304,'PANELA EIRIFLON ESPECIAL 16 - 7X 16X 28 - 1,5L - 265 GR','271.webp',118,'Aluminio','Baquelita','Baquelita','1,2 mm','0','0','271','Aluminio','1','Antiadherente','Negro','es'),(305,'PANELA EIRIFLON ESPECIAL 18 - 7,5X 18X 33 - 2L – 335GR','271.webp',118,'Aluminio','Baquelita','Baquelita','1,2 mm','0','0','272','Aluminio','1','Antiadherente','Negro','es'),(306,'PANELA EIRIFLON ESPECIAL 20 - 8X  20X 35 - 2,7L – 365GR','271.webp',118,'Aluminio','Baquelita','Baquelita','1,2 mm','0','0','273','Aluminio','1','Antiadherente','Negro','es'),(307,'PANELA EIRIFLON ESPECIAL 22- 9X 22X 37 - 2,8L – 425GR','271.webp',118,'Aluminio','Baquelita','Baquelita','1,2 mm','0','0','597','Aluminio','1','Antiadherente','Negro','es'),(308,'PANELA EIRIFLON ESPECIAL 24 - 10X 24X 39 - 3,4L – 500GR','271.webp',118,'Aluminio','Baquelita','Baquelita','1,2 mm','0','0','598','Aluminio','1','Antiadherente','Negro','es'),(309,'OLLA ESPECIAL 16 - 7X 16X 28 - 1,5L – 315GR','73.webp',119,'Aluminio','Baquelita','Baquelita','1,2 mm','0','0','730','Aluminio','1','Helado','Pulido','es'),(310,'OLLA ESPECIAL 18- 7X  18X 33 - 2L – 355GR','73.webp',119,'Aluminio','Baquelita','Baquelita','1,2 mm','0','0','74','Aluminio','1','Helado','Pulido','es'),(311,'OLLA ESPECIAL 20  - 8X 20X 35 - 2,7L – 435GR','73.webp',119,'Aluminio','Baquelita','Baquelita','1,2 mm','0','0','75','Aluminio','1','Helado','Pulido','es'),(312,'OLLA ESPECIAL 22 - 9X 22X 37 - 3,4L – 525GR','73.webp',119,'Aluminio','Baquelita','Baquelita','1,2 mm','0','0','76','Aluminio','1','Helado','Pulido','es'),(313,'OLLA L L CLARITY EIRIFLON 18 - 9X 18X 35 - 2L – 932GR','780.webp',120,'Vidrio','Baquelita','Baquelita','3 mm','0','0','780','Aluminio','1','Antiadherente','Negro','es'),(314,'OLLA L L CLARITY EIRIFLON 20 - 10X 20X 37,5 - 2,7L – 1.084K','780.webp',120,'Vidrio','Baquelita','Baquelita','3 mm','0','0','781','Aluminio','1','Antiadherente','Negro','es'),(315,'OLLA L L CLARITY EIRIFLON 22 - 11X 22X 45,5 - 3,7L - 1.434K ','780.webp',120,'Vidrio','Baquelita','Baquelita','3 mm','0','0','782','Aluminio','1','Antiadherente','Negro','es'),(316,'OLLA L L CLARITY RED 18 - 9X 18X 36 - 2L – 930GR','751.webp',121,'Vidrio','Baquelita','Baquelita','3 mm','0','0','751','Aluminio','1','Antiadherente','Rojo','es'),(317,'OLLA L L CLARITY RED 20 - 10X 20X 38 - 2,7L 1.074K','751.webp',121,'Vidrio','Baquelita','Baquelita','3 mm','0','0','752','Aluminio','1','Antiadherente','Rojo','es'),(318,'OLLA L L CLARITY RED 22 - 11X 22X 46 - 3,7 – 1.352K','751.webp',121,'Vidrio','Baquelita','Baquelita','3 mm','0','0','753','Aluminio','1','Antiadherente','Rojo','es'),(319,'200 - OLLA LONG LIFE 16 - 8X 16,5X 33 - 1,4L – 658GR','200.webp',122,'Aluminio','Baquelita','Baquelita','3 mm','0','0','200','Aluminio','1','Helado','Pulido','es'),(320,'201 - OLLA LONG LIFE 18 - 8,5X 18,5X 35 - 2,2L – 772GR','200.webp',122,'Aluminio','Baquelita','Baquelita','3 mm','0','0','201','Aluminio','1','Helado','Pulido','es'),(321,'202 - OLLA LONG LIFE 20 - 9,5X 20X 37 - 2,7L – 956GR','200.webp',122,'Aluminio','Baquelita','Baquelita','3 mm','0','0','202','Aluminio','1','Helado','Pulido','es'),(322,'203 - OLLA LONG LIFE 22 - 10X 22,5X 45,5 - 3,7L – 1.162K','200.webp',122,'Aluminio','Baquelita','Baquelita','3 mm','0','0','203','Aluminio','1','Helado','Pulido','es'),(323,'204 - OLLA LONG LIFE 24 - 12X 24X 49 - 5L – 1.360K','200.webp',122,'Aluminio','Baquelita','Baquelita','3 mm','0','0','204','Aluminio','1','Helado','Pulido','es'),(324,'561 - OLLA LONG LIFE EIRIFLON 16 - 8X 16X 33 - 1,4L – 610GR','561.webp',123,'Aluminio','Baquelita','Baquelita','3 mm','0','0','561','Aluminio','1','Antiadherente','Negro','es'),(325,'562 - OLLA LONG LIFE EIRIFLON 18 - 9X 18X 34 - 2L – 750GR','561.webp',123,'Aluminio','Baquelita','Baquelita','3 mm','0','0','562','Aluminio','1','Antiadherente','Negro','es'),(326,'563 - OLLA LONG LIFE EIRIFLON 20 - 10X 20X 36 - 2,7L – 862GR','561.webp',123,'Aluminio','Baquelita','Baquelita','3 mm','0','0','563','Aluminio','1','Antiadherente','Negro','es'),(327,'564 - OLLA LONG LIFE EIRIFLON 22 - 11X 22X 47 - 3,7L – 1.192K','561.webp',123,'Aluminio','Baquelita','Baquelita','3 mm','0','0','564','Aluminio','1','Antiadherente','Negro','es'),(328,'565 - OLLA LONG LIFE EIRIFLON 24 - 12X 24X 49 - 5L – 1.364K','561.webp',123,'Aluminio','Baquelita','Baquelita','3 mm','0','0','565','Aluminio','1','Antiadherente','Negro','es'),(329,'OLLA NOBLE 14 - 6X 14X 26 - 1L – 390GR','47.webp',124,'Aluminio','Baquelita','Baquelita','1,7 mm','0','0','47','Aluminio','1','Helado','Pulido','es'),(330,'OLLA NOBLE 16 - 8X 16X 33 - 1,5L – 470GR','47.webp',124,'Aluminio','Baquelita','Baquelita','1,7 mm','0','0','48','Aluminio','1','Helado','Pulido','es'),(331,'OLLA NOBLE 18 - 8X 18X 35 - 2L – 570GR','47.webp',124,'Aluminio','Baquelita','Baquelita','1,7 mm','0','0','49','Aluminio','1','Helado','Pulido','es'),(332,'OLLA NOBLE 20 - 9X 20X 37 - 2,7L – 670GR','47.webp',124,'Aluminio','Baquelita','Baquelita','1,7 mm','0','0','50','Aluminio','1','Helado','Pulido','es'),(333,'OLLA NOBLE 22 - 10X 22X 38 - 3,6L – 820GR','47.webp',124,'Aluminio','Baquelita','Baquelita','1,7 mm','0','0','51','Aluminio','1','Helado','Pulido','es'),(334,'OLLA NOBLE 24 - 11X 24X 47 - 4,6L – 962GR','47.webp',124,'Aluminio','Baquelita','Baquelita','1,7 mm','0','0','513','Aluminio','1','Helado','Pulido','es'),(335,'OLLA NOBLE EIRIFLON 16 - 8X 16X 32 - 1,5L – 465GR','228.webp',125,'Aluminio','Baquelita','Baquelita','1,7 mm','0','0','228','Aluminio','1','Antiadherente','Negro','es'),(336,'OLLA NOBLE EIRIFLON 18 - 8X 18X 34 - 2L – 575GR','228.webp',125,'Aluminio','Baquelita','Baquelita','1,7 mm','0','0','229','Aluminio','1','Antiadherente','Negro','es'),(337,'OLLA NOBLE EIRIFLON 20 - 9X 20X 36 -2,7L – 660GR','228.webp',125,'Aluminio','Baquelita','Baquelita','1,7 mm','0','0','230','Aluminio','1','Antiadherente','Negro','es'),(338,'OLLA NOBLE EIRIFLON 22 - 10X 22X 47 - 3,6L – 800GR','228.webp',125,'Aluminio','Baquelita','Baquelita','1,7 mm','0','0','231','Aluminio','1','Antiadherente','Negro','es'),(339,'OLLA NOBLE EIRIFLON 24 - 11X 24X 49 - 4,6L – 975GR','228.webp',125,'Aluminio','Baquelita','Baquelita','1,7 mm','0','0','232','Aluminio','1','Antiadherente','Negro','es'),(340,'OLLA NOBLE RED 18 - 8X 18X 35 - 2L – 575GR','339.webp',126,'Vidrio','Baquelita','Baquelita','1,7 mm','0','0','339','Aluminio','1','Antiadherente','Rojo','es'),(341,'OLLA NOBLE RED 20 - 11X 20X 37 - 2,7L - 660GR ','339.webp',126,'Vidrio','Baquelita','Baquelita','1,7 mm','0','0','340','Aluminio','1','Antiadherente','Rojo','es'),(342,'OLLA NOBLE RED 22 - 11X 22X 39 - 3,6L – 800GR','339.webp',126,'Vidrio','Baquelita','Baquelita','1,7 mm','0','0','341','Aluminio','1','Antiadherente','Rojo','es'),(343,'OLLA NOBLE RED 24 - 12X 24X 47 - 4,6L – 1.000K','339.webp',126,'Vidrio','Baquelita','Baquelita','1,7 mm','0','0','342','Aluminio','1','Antiadherente','Rojo','es'),(344,'OLLA PRESIÓN EIRIF 7 L TP PULIDA - 18,5X 22,5X 42 - 7L – 2.056K','308.webp',127,'Aluminio','Baquelita','0','2,4 mm','Baquelita','1','308','Aluminio','0','Antiadherente','Negro','es'),(345,'OLLA PRESIÓN NEW LINE 10 LITROS PULIDA  - 22X 27,5X 46 - 10L – 3.222K','920.webp',128,'Aluminio','Baquelita','0','3 mm','Baquelita','1','920','Aluminio','0','Helado','Pulido','es'),(346,'OLLA PRESIÓN NEW LINE 4 LITROS EIRIF - 9,5X 27,5X 46 - 4L – 2.354K','854.webp',129,'Aluminio','Baquelita','0','3 mm','Baquelita','1','854','Aluminio','0','Antiadherente','Negro','es'),(347,'OLLA PRESIÓN NEW LINE 4 LITROS GREEN - 9,5X 27,5X 46 - 4L – 2.354K','854.webp',129,'Aluminio','Baquelita','0','3 mm','Baquelita','1','856','Aluminio','0','Antiadherente','Negro','es'),(348,'OLLA PRESIÓN NEW LINE 4 LITROS PULIDA - 9,5X 27,5X 46 - 4L – 2.354K','853.webp',130,'Aluminio','Baquelita','0','3 mm','Baquelita','1','853','Aluminio','0','Helado','Pulido','es'),(349,'OLLA PRESIÓN NEW LINE 4 LITROS RED - 9,5X 27,5X 46 - 4L – 2.354K','855.webp',131,'Aluminio','Baquelita','0','3 mm','Baquelita','1','855','Aluminio','0','Antiadherente','Rojo','es'),(350,'OLLA PRESIÓN NEW LINE 5 LITROS EIRIF - 13X 27,5X 46 - 5L – 2.590K','921.webp',132,'Aluminio','Baquelita','0','3 mm','Baquelita','1','921','Aluminio','0','Antiadherente','Negro','es'),(351,'OLLA PRESIÓN NEW LINE 5 LITROS PULIDA - 13X 27,5X 46 - 5L – 2.584K','918.webp',133,'Aluminio','Baquelita','0','3 mm','Baquelita','1','918','Aluminio','0','Helado','Pulido','es'),(352,'OLLA PRESIÓN NEW LINE 5 LITROS RED - 13X 27,5X 46 - 5L – 2.584K','927.webp',134,'Aluminio','Baquelita','0','3 mm','Baquelita','1','927','Aluminio','0','Antiadherente','Rojo','es'),(353,'OLLA PRESIÓN NEW LINE 7,5 LITROS EIRI - 17,5X 27,5X 46 - 7,5L – 2.886K','922.webp',135,'Aluminio','Baquelita','0','3 mm','Baquelita','1','922','Aluminio','0','Antiadherente','Negro','es'),(354,'OLLA PRESIÓN NEW LINE 5 LITROS EIRIF - 13X 27,5X 46 - 5L – 2.886K','922.webp',135,'Aluminio','Baquelita','0','3 mm','Baquelita','1','919','Aluminio','0','Antiadherente','Negro','es'),(355,'OLLA PRESIÓN NEW LINE 7,5 LITROS RED - 17,5X 27,5X 46 - 7,5L – 2.886K','928.webp',136,'Aluminio','Baquelita','0','3 mm','Baquelita','1','928','Aluminio','0','Antiadherente','Rojo','es'),(356,'OLLA PRESIÓN PROFESIONAL 13L C/C - 16X 37X 67 - 13L – 6.365K','924.webp',137,'Aluminio','Baquelita','0','4 mm','Baquelita','1','924','Aluminio','0','Helado','Pulido','es'),(357,'OLLA PRESIÓN PROFESIONAL 18L C/C - 21X 37X 67 - 18L – 7.020K','924.webp',137,'Aluminio','Baquelita','0','4 mm','Baquelita','1','925','Aluminio','0','Helado','Pulido','es'),(358,'OLLA PRESIÓN PROFESIONAL 22L C/C - 21X 37X 67 - 22L – 7.580K','924.webp',137,'Aluminio','Baquelita','0','4 mm','Baquelita','1','926','Aluminio','0','Helado','Pulido','es'),(359,'SARTÉN PARA PANQUEQUES EIRIFLON 22 - 2,5X 22X 37 - 500ML – 240GR','433.webp',138,'0','Baquelita','0','1,5 mm','0','0','433','Aluminio','0','Antiadherente','Negro','es'),(360,'SARTÉN PARA PANQUEQUES EIRIFLON 24 - 2,5X 24X 39 - 600ML – 262GR','433.webp',138,'0','Baquelita','0','1,5 mm','0','0','434','Aluminio','0','Antiadherente','Negro','es'),(361,'OLLA PARA PALOMITAS DE MAIZ BABY 18','642.webp',139,'Aluminio','Baquelita','Baquelita','1,3 mm','0','0','642','Aluminio','0','Helado','Pulido','es'),(362,'OLLA PARA PALOMITAS DE MAIZEIRIFLON 22 - 13X 22X 37 - 4L – 928GR','0',140,'Aluminio','Baquelita','Baquelita','1,3 mm','0','0','1225','Aluminio','0','Antiadherente','Negro','es'),(363,'OLLA PARA PALOMITAS DE MAIZ HOTEL - 23X 33X 63 - 17L – 1.878K','1200.webp',141,'Aluminio','Baquelita','Baquelita','1,5 mm','Baquelita','0','1200','Aluminio','0','Helado','Pulido','es'),(364,'OLLA PARA PALOMITAS DE MAIZ LUJO 22 - 13X 22X 37,5 - 4,5L - 1.054K','178.webp',142,'Aluminio','Baquelita','Baquelita','1,2 mm','0','0','178','Aluminio','0','Helado','Pulido','es'),(365,'OLLA GRANDE LÍNEA HOTEL 35 - 14X 35X 46 - 11L – 990GR','300.webp',143,'0','0','0','1,8 mm','Aluminio','0','300','Aluminio','0','Helado','Helado','es'),(366,'OLLA GRANDE LÍNEA HOTEL 40 - 15X 40X 51 - 14L- 1.325K','300.webp',143,'0','0','0','1,8 mm','Aluminio','0','670','Aluminio','0','Helado','Helado','es'),(367,'OLLA GRANDE LÍNEA HOTEL 50 - 18X 50X 64 - 27L – 2.135K','300.webp',143,'0','0','0','1,8 mm','Aluminio','0','671','Aluminio','0','Helado','Helado','es'),(368,'OLLA GRANDE LÍNEA HOTEL 60 - 21X 60X 75 - 45 – 3.030K','300.webp',143,'0','0','0','1,8 mm','Aluminio','0','672','Aluminio','0','Helado','Helado','es');
/*!40000 ALTER TABLE `variations` ENABLE KEYS */;
UNLOCK TABLES;

--
-- Dumping events for database 'pandin'
--

--
-- Dumping routines for database 'pandin'
--
/*!40103 SET TIME_ZONE=@OLD_TIME_ZONE */;

/*!40101 SET SQL_MODE=@OLD_SQL_MODE */;
/*!40014 SET FOREIGN_KEY_CHECKS=@OLD_FOREIGN_KEY_CHECKS */;
/*!40014 SET UNIQUE_CHECKS=@OLD_UNIQUE_CHECKS */;
/*!40101 SET CHARACTER_SET_CLIENT=@OLD_CHARACTER_SET_CLIENT */;
/*!40101 SET CHARACTER_SET_RESULTS=@OLD_CHARACTER_SET_RESULTS */;
/*!40101 SET COLLATION_CONNECTION=@OLD_COLLATION_CONNECTION */;
/*!40111 SET SQL_NOTES=@OLD_SQL_NOTES */;

-- Dump completed on 2019-08-01 15:05:26
